params_max_depth,params_learning_rate,params_n_estimators,tr_pr_auc_mean,tr_pr_auc_std,te_pr_auc_mean,te_pr_auc_std,adj_pr_auc_mean,adj_pr_auc_std,tr_roc_auc_mean,tr_roc_auc_std,te_roc_auc_mean,te_roc_auc_std,tr_recall_mean,tr_recall_std,te_recall_mean,te_recall_std,tr_precision_mean,tr_precision_std,te_precision_mean,te_precision_std,time_mean,time_std
3.0,0.2,75.0,0.9325,0.0402,0.734,0.0747,0.7222,0.0977,0.9968,0.002,0.9802,0.006,0.7456,0.069,0.5242,0.1123,0.9015,0.0393,0.7834,0.0899,11.8362,3.0198
3.0,0.2,50.0,0.9182,0.0419,0.733,0.0778,0.7216,0.0995,0.996,0.0021,0.9802,0.0063,0.7252,0.0729,0.5236,0.1022,0.8856,0.0469,0.7999,0.0866,8.3911,1.872
3.0,0.2,125.0,0.9544,0.0375,0.7323,0.0805,0.72,0.1033,0.9978,0.0018,0.9802,0.0067,0.8064,0.0857,0.5102,0.1284,0.9283,0.0474,0.7912,0.1261,20.0084,5.1822
3.0,0.2,100.0,0.9443,0.0363,0.7307,0.0738,0.7186,0.0968,0.9974,0.0017,0.98,0.0062,0.7834,0.0552,0.5243,0.1003,0.9059,0.0376,0.7907,0.1213,15.7712,4.5744
5.0,0.3,125.0,1.0,0.0,0.7271,0.0632,0.7156,0.0844,1.0,0.0,0.9763,0.0055,1.0,0.0,0.4925,0.1195,1.0,0.0,0.7851,0.0841,37.5859,8.1939
5.0,0.3,100.0,1.0,0.0,0.725,0.0462,0.7146,0.0688,1.0,0.0,0.9763,0.0055,1.0,0.0,0.5101,0.1154,1.0,0.0,0.7924,0.08,29.6974,6.5932
3.0,0.1,125.0,0.9175,0.0387,0.7188,0.0717,0.7034,0.1017,0.9959,0.0019,0.9788,0.007,0.708,0.07,0.4651,0.0948,0.8965,0.0394,0.7616,0.086,19.2315,6.0618
5.0,0.3,75.0,1.0,0.0,0.718,0.0523,0.705,0.0798,1.0,0.0,0.9763,0.0053,1.0,0.0,0.5276,0.1173,1.0,0.0,0.8061,0.0814,21.6354,4.8429
3.0,0.1,75.0,0.895,0.0415,0.7172,0.0687,0.7043,0.0945,0.9947,0.0022,0.979,0.0064,0.6679,0.061,0.4545,0.0762,0.8806,0.045,0.7749,0.0762,11.9849,3.1641
4.0,0.3,125.0,1.0,0.0,0.7162,0.0428,0.7057,0.0701,1.0,0.0,0.9789,0.0063,1.0,0.0,0.4575,0.1071,1.0,0.0,0.7641,0.0725,30.6494,6.3772
3.0,0.3,100.0,0.9653,0.0437,0.715,0.0853,0.6983,0.1091,0.9984,0.0021,0.9793,0.0069,0.8514,0.1236,0.514,0.1072,0.9408,0.0582,0.7523,0.1055,15.7969,2.8065
3.0,0.1,100.0,0.9081,0.0408,0.7142,0.068,0.6988,0.0984,0.9954,0.0021,0.9786,0.0064,0.69,0.0602,0.4586,0.0915,0.8898,0.0361,0.7659,0.0861,15.5384,4.8657
3.0,0.3,75.0,0.9436,0.0452,0.7115,0.0816,0.6928,0.1084,0.9973,0.0022,0.9793,0.0062,0.7917,0.1023,0.5072,0.0727,0.9107,0.0415,0.7272,0.0713,11.1507,2.4451
3.0,0.3,125.0,0.9756,0.0358,0.7112,0.078,0.698,0.1031,0.9988,0.0018,0.9788,0.0066,0.8877,0.125,0.5035,0.1204,0.9572,0.0527,0.7657,0.1407,20.7665,3.7628
3.0,0.1,50.0,0.8779,0.0444,0.7111,0.0718,0.7002,0.0945,0.9936,0.0024,0.9786,0.0067,0.6414,0.0579,0.4668,0.0856,0.869,0.0454,0.776,0.075,8.2534,2.1991
3.0,0.3,50.0,0.9244,0.0474,0.7069,0.0877,0.6835,0.1111,0.9963,0.0024,0.9788,0.0069,0.7445,0.0924,0.5332,0.0948,0.89,0.0456,0.7474,0.0605,7.4502,1.6196
5.0,0.3,50.0,1.0,0.0,0.7035,0.0557,0.6903,0.0814,1.0,0.0,0.9747,0.0062,1.0,0.0,0.5374,0.098,1.0,0.0,0.7758,0.0918,14.0332,3.0281
4.0,0.3,100.0,1.0,0.0,0.7006,0.045,0.6871,0.08,1.0,0.0,0.9776,0.0081,1.0,0.0,0.455,0.1292,1.0,0.0,0.7203,0.0802,23.9653,4.7593
4.0,0.2,125.0,0.9991,0.0015,0.7002,0.0712,0.6838,0.1005,1.0,0.0001,0.9785,0.0069,0.9774,0.0294,0.4686,0.0682,0.9933,0.0097,0.7266,0.0805,28.8907,5.5978
4.0,0.1,125.0,0.9888,0.0144,0.6956,0.0819,0.656,0.1361,0.9995,0.0007,0.9739,0.0123,0.9129,0.0761,0.4571,0.1056,0.9754,0.0264,0.7321,0.0638,29.2969,6.5357
4.0,0.3,75.0,0.9999,0.0003,0.6945,0.0337,0.6645,0.0961,1.0,0.0,0.9774,0.0074,0.9911,0.0198,0.5001,0.0974,0.9993,0.0016,0.7208,0.035,17.5022,3.5479
4.0,0.2,100.0,0.9979,0.0032,0.6931,0.0891,0.6687,0.1233,0.9999,0.0001,0.9781,0.0081,0.9671,0.0407,0.4697,0.0794,0.9909,0.0133,0.7447,0.103,23.1879,4.8558
4.0,0.1,100.0,0.9846,0.0196,0.6907,0.0808,0.6549,0.1305,0.9993,0.0009,0.9738,0.0124,0.9041,0.0821,0.4689,0.0999,0.968,0.0306,0.7465,0.0619,23.8144,5.1878
4.0,0.2,50.0,0.9913,0.0114,0.6898,0.0711,0.6721,0.1026,0.9996,0.0005,0.9738,0.0118,0.9334,0.0612,0.4597,0.0669,0.9744,0.0251,0.7128,0.0856,11.995,2.8027
4.0,0.3,50.0,0.9986,0.0022,0.6869,0.042,0.667,0.0874,0.9999,0.0001,0.9772,0.0064,0.9717,0.0374,0.4619,0.1059,0.993,0.0081,0.7069,0.0696,11.7501,2.5526
4.0,0.1,75.0,0.9773,0.0252,0.6869,0.0779,0.6557,0.1213,0.9989,0.0012,0.9734,0.012,0.8748,0.0839,0.4591,0.11,0.9548,0.0396,0.7205,0.0666,17.3684,3.5512
2.0,0.2,75.0,0.7828,0.0407,0.6866,0.1048,0.6738,0.1268,0.9877,0.0025,0.9747,0.0108,0.5435,0.0359,0.4388,0.0926,0.7818,0.0318,0.7109,0.1828,9.1128,1.8874
2.0,0.2,100.0,0.797,0.0423,0.686,0.0977,0.6738,0.12,0.9887,0.0026,0.9747,0.0104,0.5635,0.0378,0.4534,0.102,0.7916,0.0374,0.7197,0.1733,12.0271,2.638
2.0,0.1,125.0,0.7816,0.0323,0.6858,0.1082,0.6731,0.1326,0.9878,0.0022,0.9746,0.0109,0.5028,0.0355,0.3845,0.0847,0.8133,0.0287,0.7607,0.1605,14.8967,3.1271
4.0,0.2,75.0,0.9965,0.0046,0.6854,0.0778,0.656,0.1221,0.9998,0.0002,0.9783,0.0069,0.9624,0.0449,0.4597,0.0669,0.9834,0.0166,0.7266,0.0834,17.7497,4.2677
2.0,0.2,50.0,0.7695,0.0372,0.6845,0.1077,0.6722,0.1301,0.9868,0.0025,0.9743,0.012,0.5326,0.0207,0.425,0.0809,0.7934,0.0505,0.7269,0.1782,6.1781,1.5222
2.0,0.2,125.0,0.8094,0.046,0.6843,0.0936,0.672,0.1171,0.9896,0.0028,0.9749,0.0096,0.5949,0.0669,0.4598,0.1053,0.7999,0.0409,0.6956,0.1227,15.4163,3.1741
5.0,0.2,125.0,1.0,0.0,0.6833,0.0603,0.6651,0.1009,1.0,0.0,0.9752,0.0052,1.0,0.0,0.4674,0.0871,1.0,0.0,0.7724,0.0846,36.1757,6.9936
2.0,0.1,100.0,0.7726,0.0305,0.6811,0.1098,0.6682,0.1332,0.9871,0.002,0.9743,0.0115,0.4896,0.0254,0.3845,0.0847,0.8107,0.0214,0.7917,0.178,12.1322,2.3921
2.0,0.3,75.0,0.7984,0.0482,0.6808,0.0933,0.6698,0.114,0.9891,0.0028,0.9739,0.0097,0.5843,0.0309,0.4542,0.0878,0.7837,0.0535,0.7161,0.1615,9.29,2.3584
4.0,0.1,50.0,0.9669,0.0315,0.6802,0.0696,0.6476,0.1125,0.9984,0.0016,0.9728,0.0113,0.8497,0.0833,0.4613,0.1192,0.9391,0.0381,0.6997,0.0495,11.778,2.2854
2.0,0.3,125.0,0.8461,0.0589,0.6801,0.0893,0.6687,0.1119,0.9919,0.0033,0.9747,0.0087,0.6306,0.0641,0.4586,0.0934,0.8154,0.05,0.7173,0.1332,15.8914,3.729
2.0,0.3,100.0,0.8205,0.0565,0.6797,0.0903,0.669,0.1118,0.9904,0.0032,0.9739,0.0093,0.6017,0.0532,0.477,0.0841,0.7913,0.0465,0.7294,0.1578,12.6788,2.818
2.0,0.1,75.0,0.7532,0.0199,0.6795,0.11,0.6681,0.134,0.9859,0.0014,0.9743,0.0119,0.4695,0.0168,0.3807,0.0704,0.8026,0.0309,0.7819,0.1608,8.9124,1.9641
5.0,0.1,125.0,1.0,0.0,0.6776,0.098,0.6577,0.1423,1.0,0.0,0.9713,0.0144,0.9993,0.0015,0.4538,0.0731,0.9993,0.0015,0.7327,0.0955,31.988,8.4102
2.0,0.3,50.0,0.7734,0.0483,0.6758,0.1037,0.665,0.1249,0.9873,0.0028,0.9733,0.011,0.5606,0.048,0.4592,0.0976,0.7672,0.0267,0.7021,0.1354,6.2796,1.5795
2.0,0.1,50.0,0.7387,0.0145,0.6694,0.1053,0.6591,0.1289,0.9848,0.0013,0.9733,0.0126,0.4498,0.0389,0.3875,0.0922,0.7985,0.015,0.7978,0.1691,6.1984,1.5973
5.0,0.1,100.0,1.0,0.0,0.6635,0.088,0.6443,0.1361,1.0,0.0,0.9688,0.0149,0.9993,0.0015,0.448,0.0811,0.9993,0.0015,0.7456,0.0802,25.6669,7.0473
5.0,0.1,50.0,0.9999,0.0002,0.6597,0.0804,0.6453,0.1218,1.0,0.0,0.9685,0.0154,0.995,0.0076,0.4789,0.1134,0.9978,0.0031,0.7486,0.0797,13.163,3.6748
5.0,0.1,75.0,1.0,0.0001,0.6583,0.0854,0.6389,0.134,1.0,0.0,0.9686,0.0149,0.9963,0.0054,0.4544,0.0858,0.9985,0.002,0.7335,0.0783,19.1696,5.2161
5.0,0.2,100.0,1.0,0.0,0.6549,0.0825,0.6296,0.1274,1.0,0.0,0.9749,0.006,1.0,0.0,0.4646,0.0792,1.0,0.0,0.7535,0.0617,27.9156,5.7232
5.0,0.2,50.0,1.0,0.0,0.647,0.0892,0.6168,0.1366,1.0,0.0,0.9689,0.0148,1.0,0.0,0.4882,0.1189,1.0,0.0,0.7345,0.0499,14.0706,3.4241
5.0,0.2,75.0,1.0,0.0,0.6421,0.0815,0.6075,0.1347,1.0,0.0,0.9739,0.0067,1.0,0.0,0.4765,0.1196,1.0,0.0,0.7683,0.0945,20.5012,4.6252
