model,param,fold,test_recall,test_precision,test_pr_auc,test_roc_auc,test_pr_auc_adj,train_recall,train_precision,train_pr_auc,train_roc_auc,train_pr_auc_adj,time
Gradient Boosting,"{'learning_rate': 0.1, 'max_depth': 2, 'n_estimators': 50, 'random_state': 4}",1,0.3478260869565217,0.8,0.7375575134390125,0.9823811573703954,0.7788261167116952,0.6226415094339622,0.9428571428571428,0.8798882960675958,0.9915123123641756,0.8798239164660745,5.331099162999635
Gradient Boosting,"{'learning_rate': 0.1, 'max_depth': 2, 'n_estimators': 50, 'random_state': 4}",2,0.358974358974359,0.7368421052631579,0.7122262888257769,0.9704998330179228,0.6708697690854006,0.6043956043956044,0.8943089430894309,0.8738911616357821,0.9915543057941344,0.8738565981162073,6.157938419999482
Gradient Boosting,"{'learning_rate': 0.1, 'max_depth': 2, 'n_estimators': 50, 'random_state': 4}",3,0.2941176470588235,0.6666666666666666,0.6336189236063668,0.9776031102096012,0.6151410157465227,0.6018099547511312,0.8986486486486487,0.8586582996212047,0.9895374703903757,0.8586415711205457,7.682292198999676
Gradient Boosting,"{'learning_rate': 0.1, 'max_depth': 2, 'n_estimators': 50, 'random_state': 4}",4,0.3421052631578947,0.5652173913043478,0.5365702472881156,0.9354844843322178,0.4908688633985752,0.6039215686274509,0.8415300546448088,0.8340101683631933,0.9889954049598372,0.8339236351645581,8.735305977999815
Gradient Boosting,"{'learning_rate': 0.1, 'max_depth': 2, 'n_estimators': 50, 'random_state': 4}",5,0.4193548387096774,0.8125,0.7290555686492382,0.975079606811574,0.73497445862365,0.5426621160409556,0.8502673796791443,0.8087330478920309,0.9860430636098804,0.8085761923128553,9.18154992900054
Gradient Boosting,"{'learning_rate': 0.1, 'max_depth': 2, 'n_estimators': 75, 'random_state': 4}",1,0.4782608695652174,0.7857142857142857,0.7569158354138029,0.9837648361109405,0.7967304953608851,0.7044025157232704,0.9411764705882352,0.9148596386633046,0.9944212972957416,0.9141201552617312,8.271058745000119
Gradient Boosting,"{'learning_rate': 0.1, 'max_depth': 2, 'n_estimators': 75, 'random_state': 4}",2,0.4615384615384615,0.75,0.7244785511664673,0.9732828676388734,0.6818291563207207,0.6868131868131868,0.9398496240601504,0.9226356185064032,0.9949368975064906,0.922617341522923,9.73829769400072
Gradient Boosting,"{'learning_rate': 0.1, 'max_depth': 2, 'n_estimators': 75, 'random_state': 4}",3,0.3235294117647059,0.6470588235294118,0.6408328818048626,0.9775608519269776,0.6211641967339829,0.669683257918552,0.9192546583850932,0.896982605914251,0.9926537620172082,0.8969609383101734,11.59696451400032
Gradient Boosting,"{'learning_rate': 0.1, 'max_depth': 2, 'n_estimators': 75, 'random_state': 4}",4,0.3947368421052631,0.5769230769230769,0.563362199704492,0.9442120474596896,0.5259194655552348,0.6549019607843137,0.8835978835978836,0.8746712307365337,0.9917534813567646,0.8745685984691212,12.794584080000275
Gradient Boosting,"{'learning_rate': 0.1, 'max_depth': 2, 'n_estimators': 75, 'random_state': 4}",5,0.4838709677419355,0.8333333333333334,0.757119324985803,0.9768794129862938,0.7629817337727091,0.5972696245733788,0.8883248730964467,0.8471256387071396,0.9890553539936956,0.8468756131871378,14.18310148799992
Gradient Boosting,"{'learning_rate': 0.1, 'max_depth': 2, 'n_estimators': 100, 'random_state': 4}",1,0.5217391304347826,0.8571428571428571,0.7698326443699057,0.984133817108419,0.8071471720567627,0.7610062893081762,0.9603174603174603,0.950439115605394,0.99677618985939,0.9503748203136188,10.496182808000412
Gradient Boosting,"{'learning_rate': 0.1, 'max_depth': 2, 'n_estimators': 100, 'random_state': 4}",2,0.4871794871794871,0.76,0.7155018871701256,0.972689153586404,0.67021529740165,0.7692307692307693,0.9722222222222222,0.9500309342210332,0.9966964988378264,0.9500110430980744,12.614751040000556
Gradient Boosting,"{'learning_rate': 0.1, 'max_depth': 2, 'n_estimators': 100, 'random_state': 4}",3,0.3823529411764705,0.6842105263157895,0.6272101488871256,0.9765466531440162,0.6088092946507031,0.7058823529411765,0.934131736526946,0.9199343733203388,0.994235253436196,0.9199230502543724,14.825171097999371
Gradient Boosting,"{'learning_rate': 0.1, 'max_depth': 2, 'n_estimators': 100, 'random_state': 4}",4,0.3947368421052631,0.6,0.5795325240156394,0.9546318831761484,0.5430795769875539,0.6980392156862745,0.922279792746114,0.9020939654806044,0.993503104282858,0.901895130956314,16.67704597699958
Gradient Boosting,"{'learning_rate': 0.1, 'max_depth': 2, 'n_estimators': 100, 'random_state': 4}",5,0.5161290322580645,0.7619047619047619,0.7410201350092187,0.9771101573676682,0.7471412261011822,0.6245733788395904,0.8970588235294118,0.8707885564085811,0.9908161679776336,0.8705916289074942,18.864093302000583
Gradient Boosting,"{'learning_rate': 0.1, 'max_depth': 2, 'n_estimators': 125, 'random_state': 4}",1,0.5217391304347826,0.9230769230769232,0.7688687942159168,0.9838263329438532,0.8051642559082328,0.8050314465408805,0.9696969696969696,0.970784670770746,0.9980444857015384,0.9707804158288318,11.187020301000302
Gradient Boosting,"{'learning_rate': 0.1, 'max_depth': 2, 'n_estimators': 125, 'random_state': 4}",2,0.4871794871794871,0.76,0.7177248714481522,0.9735055104085496,0.6714047962386596,0.8186813186813187,0.9738562091503268,0.9666470886819968,0.9976011378580972,0.9666401422149348,13.960571096000422
Gradient Boosting,"{'learning_rate': 0.1, 'max_depth': 2, 'n_estimators': 125, 'random_state': 4}",3,0.4117647058823529,0.6666666666666666,0.6285848444981039,0.9767579445571332,0.6077284030470566,0.7420814479638009,0.9534883720930232,0.9464315548110336,0.99613711128411,0.9464296528133254,16.773426547999406
Gradient Boosting,"{'learning_rate': 0.1, 'max_depth': 2, 'n_estimators': 125, 'random_state': 4}",4,0.3947368421052631,0.5769230769230769,0.5767864956376721,0.955164283541223,0.5406342864442887,0.7215686274509804,0.92,0.9221726675282764,0.9953474341436038,0.9220245759532256,18.05932585499977
Gradient Boosting,"{'learning_rate': 0.1, 'max_depth': 2, 'n_estimators': 125, 'random_state': 4}",5,0.4838709677419355,0.75,0.7473118993494169,0.9787253680372884,0.7535314194618747,0.6621160409556314,0.9065420560747663,0.8937952357525768,0.992855148194147,0.8936032511732618,21.156519103999017
Gradient Boosting,"{'learning_rate': 0.1, 'max_depth': 3, 'n_estimators': 50, 'random_state': 4}",1,0.4782608695652174,0.8461538461538461,0.6743576194176831,0.9785376053133265,0.7083202689151402,0.8490566037735849,0.9782608695652174,0.9769667186312392,0.9986831311255993,0.9769646868741452,7.871403817999635
Gradient Boosting,"{'learning_rate': 0.1, 'max_depth': 3, 'n_estimators': 50, 'random_state': 4}",2,0.4871794871794871,0.9047619047619048,0.7642448468414188,0.9737652603065048,0.72902644115961,0.8131868131868132,0.9932885906040269,0.9747069762085993,0.9984757093964802,0.9747056055411308,9.501777258999937
Gradient Boosting,"{'learning_rate': 0.1, 'max_depth': 3, 'n_estimators': 50, 'random_state': 4}",3,0.3235294117647059,0.6875,0.6431475267523321,0.9781102096010816,0.6215972259660342,0.7873303167420814,0.956043956043956,0.9634766593458624,0.9978494305521396,0.9634747183805638,11.107392872000672
Gradient Boosting,"{'learning_rate': 0.1, 'max_depth': 3, 'n_estimators': 50, 'random_state': 4}",4,0.3157894736842105,0.5217391304347826,0.5732873937426584,0.9590622147855188,0.5340586809831933,0.7647058823529411,0.9420289855072465,0.9428786977379104,0.9965189940018944,0.9428417752812414,12.643409776000226
Gradient Boosting,"{'learning_rate': 0.1, 'max_depth': 3, 'n_estimators': 50, 'random_state': 4}",5,0.4838709677419355,0.7894736842105263,0.7413197637512928,0.9799713876967096,0.7471284706820787,0.7098976109215017,0.9285714285714286,0.9298686035540916,0.9956623453107804,0.929687575219498,14.121554594999909
Gradient Boosting,"{'learning_rate': 0.1, 'max_depth': 3, 'n_estimators': 75, 'random_state': 4}",1,0.4782608695652174,0.8461538461538461,0.7026213971066206,0.9793370641411968,0.7446989346023978,0.89937106918239,0.9930555555555556,0.9949264458100872,0.9997445418303758,0.9949263371411994,11.714823846999934
Gradient Boosting,"{'learning_rate': 0.1, 'max_depth': 3, 'n_estimators': 75, 'random_state': 4}",2,0.5384615384615384,0.84,0.7646618893556819,0.9745445100003712,0.7300493276252183,0.8901098901098901,1.0,0.9925227711387612,0.9995895135081432,0.992522716062224,13.898292293999477
Gradient Boosting,"{'learning_rate': 0.1, 'max_depth': 3, 'n_estimators': 75, 'random_state': 4}",3,0.3529411764705882,0.7058823529411765,0.6603994148688395,0.9785327924273156,0.6435204588485814,0.8416289592760181,0.9789473684210528,0.9837747142740296,0.9990208714336698,0.9837740664575316,16.21360702200036
Gradient Boosting,"{'learning_rate': 0.1, 'max_depth': 3, 'n_estimators': 75, 'random_state': 4}",4,0.2894736842105263,0.55,0.5736067436273888,0.95949954365683,0.5349335873954341,0.8196078431372549,0.9631336405529954,0.9692745392324418,0.9981233996281876,0.969265526325606,18.72042561500075
Gradient Boosting,"{'learning_rate': 0.1, 'max_depth': 3, 'n_estimators': 75, 'random_state': 4}",5,0.4838709677419355,0.7142857142857143,0.7358320091179474,0.9796483455627856,0.7428041686790368,0.7952218430034129,0.9549180327868853,0.9588910665574828,0.9976692712153366,0.9587680830615208,21.25634165000065
Gradient Boosting,"{'learning_rate': 0.1, 'max_depth': 3, 'n_estimators': 100, 'random_state': 4}",1,0.5217391304347826,0.8571428571428571,0.6820665490048173,0.9792755673082836,0.710996312813344,0.9685534591194968,1.0,0.9996518907860836,0.9999838089892492,0.9996518907860836,15.389541060999363
Gradient Boosting,"{'learning_rate': 0.1, 'max_depth': 3, 'n_estimators': 100, 'random_state': 4}",2,0.5641025641025641,0.7857142857142857,0.7425943666690358,0.9737281531782256,0.7034961424111799,0.934065934065934,1.0,0.9979228621968336,0.999888881045198,0.997922860280756,19.06802522999988
Gradient Boosting,"{'learning_rate': 0.1, 'max_depth': 3, 'n_estimators': 100, 'random_state': 4}",3,0.3235294117647059,0.6470588235294118,0.6477891095153139,0.9776453684922244,0.6280681544071596,0.9049773755656108,0.9950248756218906,0.994634177437363,0.9997401934587924,0.9946336717811092,21.68334679000054
Gradient Boosting,"{'learning_rate': 0.1, 'max_depth': 3, 'n_estimators': 100, 'random_state': 4}",4,0.3157894736842105,0.6,0.5815683997258354,0.9591192576817767,0.5427884316419246,0.8941176470588236,0.9827586206896552,0.9839829912438792,0.9990276754709038,0.9839797914106252,24.920647279999685
Gradient Boosting,"{'learning_rate': 0.1, 'max_depth': 3, 'n_estimators': 100, 'random_state': 4}",5,0.5483870967741935,0.7727272727272727,0.7521586676551256,0.9802021320780838,0.7586744616354926,0.825938566552901,0.9641434262948207,0.9758824439338184,0.9986423097359268,0.9758725279265932,28.97582617699936
Gradient Boosting,"{'learning_rate': 0.1, 'max_depth': 3, 'n_estimators': 125, 'random_state': 4}",1,0.4782608695652174,0.7857142857142857,0.7378824712035652,0.9827808867843304,0.7791107692499568,0.9748427672955976,1.0,0.9999216277979608,0.9999964019976108,0.9999216277979608,17.87235859000066
Gradient Boosting,"{'learning_rate': 0.1, 'max_depth': 3, 'n_estimators': 125, 'random_state': 4}",2,0.5897435897435898,0.7419354838709677,0.7327561510090157,0.9739507959479016,0.6904085035397779,0.9615384615384616,1.0,1.0,1.0,1.0,21.42211621699971
Gradient Boosting,"{'learning_rate': 0.1, 'max_depth': 3, 'n_estimators': 125, 'random_state': 4}",3,0.4411764705882353,0.6521739130434783,0.6017169369520695,0.975447937795808,0.5830134093612303,0.9502262443438914,1.0,0.9988497776889458,0.999943600715254,0.9988497755630644,24.449124894001216
Gradient Boosting,"{'learning_rate': 0.1, 'max_depth': 3, 'n_estimators': 125, 'random_state': 4}",4,0.3157894736842105,0.5714285714285714,0.6001926885089482,0.960564344386979,0.5616190976324656,0.9098039215686274,0.9830508474576272,0.9915771509505236,0.9995720649619416,0.9915621329368092,27.950110826999666
Gradient Boosting,"{'learning_rate': 0.1, 'max_depth': 3, 'n_estimators': 125, 'random_state': 4}",5,0.5161290322580645,0.8,0.7415155519854014,0.9795560478102358,0.7466969826849904,0.8771331058020477,0.9809160305343512,0.9856099733807068,0.9990215285451798,0.9856067193453226,31.45809181200093
Gradient Boosting,"{'learning_rate': 0.1, 'max_depth': 4, 'n_estimators': 50, 'random_state': 4}",1,0.5217391304347826,0.8571428571428571,0.7457232067920478,0.9815509501260684,0.7842725142947363,0.9559748427672956,1.0,0.9996827692664269,0.9999856079904436,0.9996827552088072,8.903015369998684
Gradient Boosting,"{'learning_rate': 0.1, 'max_depth': 4, 'n_estimators': 50, 'random_state': 4}",2,0.5128205128205128,0.8333333333333334,0.7816479500075502,0.9768451519536904,0.7482125977000598,0.945054945054945,1.0,0.9998200028730386,0.9999921563090728,0.9998200028730386,12.17852765399948
Gradient Boosting,"{'learning_rate': 0.1, 'max_depth': 4, 'n_estimators': 50, 'random_state': 4}",3,0.4117647058823529,0.7368421052631579,0.6774079960182584,0.9800118323191346,0.662072400507438,0.9140271493212668,0.9950738916256158,0.9966898083370972,0.9998437462439,0.9966897049471016,13.175218948001202
Gradient Boosting,"{'learning_rate': 0.1, 'max_depth': 4, 'n_estimators': 50, 'random_state': 4}",4,0.2894736842105263,0.6875,0.6267366653353036,0.9629791603285672,0.5904895350821984,0.9058823529411764,0.9829787234042552,0.9924719212077098,0.9996359044512256,0.9924693624564652,15.506579778999368
Gradient Boosting,"{'learning_rate': 0.1, 'max_depth': 4, 'n_estimators': 50, 'random_state': 4}",5,0.4838709677419355,0.7894736842105263,0.7264683903137767,0.9771101573676682,0.7311078664940692,0.8839590443686007,0.9773584905660376,0.988465224990615,0.9994393211874656,0.988462708966558,16.837447267000243
Gradient Boosting,"{'learning_rate': 0.1, 'max_depth': 4, 'n_estimators': 75, 'random_state': 4}",1,0.5217391304347826,0.9230769230769232,0.7548643320785539,0.9812434659615028,0.791142613902774,0.9937106918238994,1.0,1.0,1.0,1.0,13.947843563999411
Gradient Boosting,"{'learning_rate': 0.1, 'max_depth': 4, 'n_estimators': 75, 'random_state': 4}",2,0.5384615384615384,0.8076923076923077,0.7701343565452604,0.9769564733385284,0.7345728027106084,1.0,1.0,1.0,1.0,1.0,16.501552077999804
Gradient Boosting,"{'learning_rate': 0.1, 'max_depth': 4, 'n_estimators': 75, 'random_state': 4}",3,0.4705882352941176,0.7619047619047619,0.6910236135743798,0.9800963488843812,0.6768373031492908,0.9683257918552036,1.0,0.9999388055196882,0.9999972262646846,0.9999388055196884,20.11197908999929
Gradient Boosting,"{'learning_rate': 0.1, 'max_depth': 4, 'n_estimators': 75, 'random_state': 4}",4,0.2894736842105263,0.6875,0.6228982383031033,0.9617242166108914,0.5862292336940209,0.9450980392156862,0.9958677685950412,0.9990758810009018,0.999957206496194,0.9990757980452506,21.730062263000946
Gradient Boosting,"{'learning_rate': 0.1, 'max_depth': 4, 'n_estimators': 75, 'random_state': 4}",5,0.4838709677419355,0.8333333333333334,0.7341716444252678,0.9780331348931656,0.7409682710384851,0.9351535836177476,0.9785714285714284,0.997398585631692,0.9998821053272092,0.9973979449011272,25.273443060999853
Gradient Boosting,"{'learning_rate': 0.1, 'max_depth': 4, 'n_estimators': 100, 'random_state': 4}",1,0.5217391304347826,0.8571428571428571,0.7557296287789256,0.9819814279564604,0.7928350948161533,1.0,1.0,1.0,1.0,1.0,19.08088372100065
Gradient Boosting,"{'learning_rate': 0.1, 'max_depth': 4, 'n_estimators': 100, 'random_state': 4}",2,0.5641025641025641,0.7857142857142857,0.7533928371403267,0.977253330364763,0.714355563971113,1.0,1.0,1.0,1.0,1.0,21.987789335000343
Gradient Boosting,"{'learning_rate': 0.1, 'max_depth': 4, 'n_estimators': 100, 'random_state': 4}",3,0.4411764705882353,0.7142857142857143,0.681054655693813,0.978997633536173,0.6669908278063965,1.0,1.0,1.0,1.0,1.0,26.115366006999466
Gradient Boosting,"{'learning_rate': 0.1, 'max_depth': 4, 'n_estimators': 100, 'random_state': 4}",4,0.2894736842105263,0.6875,0.6267604275567836,0.9610587161545484,0.589973263317146,0.9803921568627452,1.0,0.9999846513360244,0.9999992984671506,0.9999846513360248,30.172190203000355
Gradient Boosting,"{'learning_rate': 0.1, 'max_depth': 4, 'n_estimators': 100, 'random_state': 4}",5,0.5483870967741935,0.85,0.7511729214041875,0.9788638146661128,0.7575592861510485,0.955631399317406,1.0,0.9996513524470416,0.99998370119731,0.9996513509195744,33.15705197600073
Gradient Boosting,"{'learning_rate': 0.1, 'max_depth': 4, 'n_estimators': 125, 'random_state': 4}",1,0.5652173913043478,0.8666666666666667,0.7557630531022127,0.9823504089539388,0.7930022855623093,1.0,1.0,1.0,1.0,1.0,23.330710538999483
Gradient Boosting,"{'learning_rate': 0.1, 'max_depth': 4, 'n_estimators': 125, 'random_state': 4}",2,0.5641025641025641,0.8148148148148148,0.7505080186930326,0.9769935804668076,0.7107430616560123,1.0,1.0,1.0,1.0,1.0,27.944258667999748
Gradient Boosting,"{'learning_rate': 0.1, 'max_depth': 4, 'n_estimators': 125, 'random_state': 4}",3,0.4705882352941176,0.7272727272727273,0.694927102786532,0.9795892494929008,0.6813907381947852,1.0,1.0,1.0,1.0,1.0,32.131988753999394
Gradient Boosting,"{'learning_rate': 0.1, 'max_depth': 4, 'n_estimators': 125, 'random_state': 4}",4,0.3157894736842105,0.7058823529411765,0.629841113863208,0.9501064800730148,0.5930552479581742,0.992156862745098,1.0,1.0,1.0,1.0,35.98231291400043
Gradient Boosting,"{'learning_rate': 0.1, 'max_depth': 4, 'n_estimators': 125, 'random_state': 4}",5,0.5483870967741935,0.85,0.7597238827605918,0.9790945590474872,0.7655230595348751,0.9829351535836176,1.0,0.9999422881334488,0.999997283532885,0.9999422881334488,41.34037177400023
Gradient Boosting,"{'learning_rate': 0.1, 'max_depth': 5, 'n_estimators': 50, 'random_state': 4}",1,0.4782608695652174,0.7857142857142857,0.718504418241392,0.9802595166348932,0.7605699878071381,1.0,1.0,1.0,1.0,1.0,12.83617182999933
Gradient Boosting,"{'learning_rate': 0.1, 'max_depth': 5, 'n_estimators': 50, 'random_state': 4}",2,0.4615384615384615,0.782608695652174,0.6686693665172171,0.972466510816728,0.6078258442958081,1.0,1.0,1.0,1.0,1.0,15.234410480000406
Gradient Boosting,"{'learning_rate': 0.1, 'max_depth': 5, 'n_estimators': 50, 'random_state': 4}",3,0.3235294117647059,0.6111111111111112,0.641445247827823,0.979631507775524,0.6226304496871924,1.0,1.0,1.0,1.0,1.0,17.66561839499991
Gradient Boosting,"{'learning_rate': 0.1, 'max_depth': 5, 'n_estimators': 50, 'random_state': 4}",4,0.3421052631578947,0.7222222222222222,0.6282741562758501,0.9637397322786736,0.5923428153770433,0.996078431372549,1.0,1.0,1.0,1.0,20.82871369500026
Gradient Boosting,"{'learning_rate': 0.1, 'max_depth': 5, 'n_estimators': 50, 'random_state': 4}",5,0.5806451612903226,0.72,0.7944599148479657,0.9815404494900548,0.7998181476246742,0.9863481228668942,0.996551724137931,0.9997401831186472,0.999988047544694,0.9997401159877258,23.14473944099973
Gradient Boosting,"{'learning_rate': 0.1, 'max_depth': 5, 'n_estimators': 75, 'random_state': 4}",1,0.4782608695652174,0.7857142857142857,0.7460121499169474,0.9824119057868522,0.784472330313889,1.0,1.0,1.0,1.0,1.0,18.870663202999825
Gradient Boosting,"{'learning_rate': 0.1, 'max_depth': 5, 'n_estimators': 75, 'random_state': 4}",2,0.4358974358974359,0.8095238095238095,0.6926051870979492,0.9736168317933876,0.640596022610239,1.0,1.0,1.0,1.0,1.0,23.08711641300033
Gradient Boosting,"{'learning_rate': 0.1, 'max_depth': 5, 'n_estimators': 75, 'random_state': 4}",3,0.3823529411764705,0.6842105263157895,0.6362924392773526,0.9789553752535496,0.6184357450446214,1.0,1.0,1.0,1.0,1.0,26.77397310000015
Gradient Boosting,"{'learning_rate': 0.1, 'max_depth': 5, 'n_estimators': 75, 'random_state': 4}",4,0.3421052631578947,0.7222222222222222,0.6197630102467987,0.9620474596896866,0.5832081490438329,1.0,1.0,1.0,1.0,1.0,30.67036605999965
Gradient Boosting,"{'learning_rate': 0.1, 'max_depth': 5, 'n_estimators': 75, 'random_state': 4}",5,0.5806451612903226,0.72,0.783297536276825,0.9801559832018092,0.7889896506712861,1.0,1.0,1.0,1.0,1.0,34.61200818399993
Gradient Boosting,"{'learning_rate': 0.1, 'max_depth': 5, 'n_estimators': 100, 'random_state': 4}",1,0.4782608695652174,0.7857142857142857,0.7535890977408847,0.9825348994526782,0.790140049821332,1.0,1.0,1.0,1.0,1.0,25.442029916000138
Gradient Boosting,"{'learning_rate': 0.1, 'max_depth': 5, 'n_estimators': 100, 'random_state': 4}",2,0.4615384615384615,0.8181818181818182,0.691259935764301,0.972169653790493,0.640542469176556,1.0,1.0,1.0,1.0,1.0,30.634528726999637
Gradient Boosting,"{'learning_rate': 0.1, 'max_depth': 5, 'n_estimators': 100, 'random_state': 4}",3,0.3529411764705882,0.6666666666666666,0.6418161982871206,0.9788708586883028,0.6237327848303099,1.0,1.0,1.0,1.0,1.0,36.0746017850006
Gradient Boosting,"{'learning_rate': 0.1, 'max_depth': 5, 'n_estimators': 100, 'random_state': 4}",4,0.3421052631578947,0.6842105263157895,0.6231680507258139,0.9626939458472772,0.5863617474235412,1.0,1.0,1.0,1.0,1.0,41.1754593579999
Gradient Boosting,"{'learning_rate': 0.1, 'max_depth': 5, 'n_estimators': 100, 'random_state': 4}",5,0.5806451612903226,0.72,0.788585143259872,0.9810328118510314,0.7935861667365568,1.0,1.0,1.0,1.0,1.0,46.30998115799957
Gradient Boosting,"{'learning_rate': 0.1, 'max_depth': 5, 'n_estimators': 125, 'random_state': 4}",1,0.5652173913043478,0.8666666666666667,0.7744648479266223,0.9792755673082836,0.804866599942176,1.0,1.0,1.0,1.0,1.0,28.51464736399976
Gradient Boosting,"{'learning_rate': 0.1, 'max_depth': 5, 'n_estimators': 125, 'random_state': 4}",2,0.5641025641025641,0.8148148148148148,0.7648941089858154,0.9768822590819696,0.727452197606823,1.0,1.0,1.0,1.0,1.0,33.20636730200022
Gradient Boosting,"{'learning_rate': 0.1, 'max_depth': 5, 'n_estimators': 125, 'random_state': 4}",3,0.4411764705882353,0.6818181818181818,0.6353086833923521,0.9785327924273156,0.6164198759835631,1.0,1.0,1.0,1.0,1.0,39.21505131200138
Gradient Boosting,"{'learning_rate': 0.1, 'max_depth': 5, 'n_estimators': 125, 'random_state': 4}",4,0.3684210526315789,0.7,0.6634152603731348,0.9652418618801338,0.6298876477679668,1.0,1.0,1.0,1.0,1.0,45.49689983099961
Gradient Boosting,"{'learning_rate': 0.1, 'max_depth': 5, 'n_estimators': 125, 'random_state': 4}",5,0.6129032258064516,0.76,0.7883108912638829,0.9821865337579028,0.793936260229723,1.0,1.0,1.0,1.0,1.0,50.80888698000126
Gradient Boosting,"{'learning_rate': 0.2, 'max_depth': 2, 'n_estimators': 50, 'random_state': 4}",1,0.5217391304347826,0.8,0.6902240539567761,0.9848102822704632,0.7157869190253079,0.779874213836478,0.9393939393939394,0.9494105318868732,0.9965926917375474,0.9494081906239018,5.129511570999966
Gradient Boosting,"{'learning_rate': 0.2, 'max_depth': 2, 'n_estimators': 50, 'random_state': 4}",2,0.5128205128205128,0.7407407407407407,0.7022548091268142,0.9725407250732866,0.6537520111164061,0.7197802197802198,0.9424460431654677,0.93898222570011,0.9960402433635838,0.9389684905777308,6.757150980000006
Gradient Boosting,"{'learning_rate': 0.2, 'max_depth': 2, 'n_estimators': 50, 'random_state': 4}",3,0.4117647058823529,0.7368421052631579,0.6083414527449023,0.9755747126436782,0.5863818198365778,0.7104072398190046,0.9515151515151516,0.922375913991626,0.9941746935484764,0.9223657940456492,7.152787784999418
Gradient Boosting,"{'learning_rate': 0.2, 'max_depth': 2, 'n_estimators': 50, 'random_state': 4}",4,0.3684210526315789,0.56,0.5873938989619641,0.9570657134164892,0.551192285778723,0.7098039215686275,0.923469387755102,0.898409928210496,0.993633940159248,0.8976069320579689,8.788453829999526
Gradient Boosting,"{'learning_rate': 0.2, 'max_depth': 2, 'n_estimators': 50, 'random_state': 4}",5,0.4838709677419355,0.7894736842105263,0.7285632150514804,0.9771101573676682,0.733811610866212,0.6825938566552902,0.8810572687224669,0.8784294992894671,0.9911133494800138,0.8783132879285903,9.848283183000603
Gradient Boosting,"{'learning_rate': 0.2, 'max_depth': 2, 'n_estimators': 75, 'random_state': 4}",1,0.5217391304347826,0.8,0.7099386572942472,0.9833343582805484,0.7534371724281697,0.8553459119496856,0.9784172661870504,0.9757836883224846,0.9983305268914698,0.9757828970903608,7.595743586999561
Gradient Boosting,"{'learning_rate': 0.2, 'max_depth': 2, 'n_estimators': 75, 'random_state': 4}",2,0.5384615384615384,0.75,0.716383206354958,0.9717614753794204,0.6714573309147144,0.8351648351648352,0.9681528662420382,0.9773239177785704,0.9988103735427074,0.9773187045611872,9.731197170000089
Gradient Boosting,"{'learning_rate': 0.2, 'max_depth': 2, 'n_estimators': 75, 'random_state': 4}",3,0.4117647058823529,0.7,0.6175213200595221,0.9748140635564572,0.5986063275584422,0.7963800904977375,0.9723756906077348,0.9605944236302304,0.9968629053583018,0.9605439090466642,11.15976215199953
Gradient Boosting,"{'learning_rate': 0.2, 'max_depth': 2, 'n_estimators': 75, 'random_state': 4}",4,0.3684210526315789,0.56,0.5912417954395562,0.9591953148767872,0.5553852796538046,0.7568627450980392,0.9414634146341464,0.9356291378808363,0.9959732014451576,0.9355751330327116,12.748206753999511
Gradient Boosting,"{'learning_rate': 0.2, 'max_depth': 2, 'n_estimators': 75, 'random_state': 4}",5,0.6129032258064516,0.7916666666666666,0.7393150529982825,0.9783100281508146,0.7454478211981912,0.7098976109215017,0.9244444444444444,0.9159940686609382,0.9940900541446224,0.9158620454872192,14.22832406100042
Gradient Boosting,"{'learning_rate': 0.2, 'max_depth': 2, 'n_estimators': 100, 'random_state': 4}",1,0.5217391304347826,0.8571428571428571,0.7190320224228794,0.9822274152881126,0.7636717635062373,0.9119496855345912,1.0,0.9963249196917414,0.9997967128650174,0.9963249196917412,10.566307505000625
Gradient Boosting,"{'learning_rate': 0.2, 'max_depth': 2, 'n_estimators': 100, 'random_state': 4}",2,0.5384615384615384,0.7777777777777778,0.7053500370954012,0.971390404096627,0.6585905330427885,0.9010989010989012,0.993939393939394,0.9907243310465924,0.9994888528079108,0.9907233486877868,12.620703655999932
Gradient Boosting,"{'learning_rate': 0.2, 'max_depth': 2, 'n_estimators': 100, 'random_state': 4}",3,0.4117647058823529,0.7,0.6127622973398624,0.974180189317106,0.5938344449371179,0.8461538461538461,0.9894179894179894,0.9773880256419656,0.9983616470070472,0.977335519588206,14.564583653999762
Gradient Boosting,"{'learning_rate': 0.2, 'max_depth': 2, 'n_estimators': 100, 'random_state': 4}",4,0.3684210526315789,0.5833333333333334,0.5890032070858253,0.9595375722543352,0.5531391669548398,0.8196078431372549,0.9631336405529954,0.9646173029583504,0.9980350064891788,0.9645679579059347,16.59764861700023
Gradient Boosting,"{'learning_rate': 0.2, 'max_depth': 2, 'n_estimators': 100, 'random_state': 4}",5,0.5806451612903226,0.75,0.7269467422708075,0.9779869860168904,0.7340975073153128,0.757679180887372,0.940677966101695,0.9480098623361318,0.9966467929932534,0.9479554032433508,19.31613418699999
Gradient Boosting,"{'learning_rate': 0.2, 'max_depth': 2, 'n_estimators': 125, 'random_state': 4}",1,0.5217391304347826,0.8571428571428571,0.7530828283455979,0.9861017157616382,0.7953376861188352,0.9622641509433962,1.0,0.999136326307148,0.9999568239713312,0.999136324681893,11.092866795999726
Gradient Boosting,"{'learning_rate': 0.2, 'max_depth': 2, 'n_estimators': 125, 'random_state': 4}",2,0.4871794871794871,0.76,0.7118941577343526,0.9709451185572748,0.6665563419764383,0.9505494505494504,1.0,0.9997959585725542,0.9999908490272515,0.9997959585725544,13.94878264700128
Gradient Boosting,"{'learning_rate': 0.2, 'max_depth': 2, 'n_estimators': 125, 'random_state': 4}",3,0.4705882352941176,0.6666666666666666,0.617795610567142,0.97684246112238,0.5904057428869294,0.9230769230769232,0.9951219512195122,0.995034399527262,0.999727249360654,0.9950342817460838,16.63147071000094
Gradient Boosting,"{'learning_rate': 0.2, 'max_depth': 2, 'n_estimators': 125, 'random_state': 4}",4,0.3947368421052631,0.6,0.6048732444551982,0.9624657742622452,0.5682477782791321,0.8627450980392157,0.9734513274336284,0.9831279399424864,0.9990704689747096,0.9831212657328116,18.04786899999999
Gradient Boosting,"{'learning_rate': 0.2, 'max_depth': 2, 'n_estimators': 125, 'random_state': 4}",5,0.4838709677419355,0.7142857142857143,0.7152465295544806,0.9769255618625686,0.7223923281168054,0.8225255972696246,0.964,0.9615019473502924,0.9974193562407572,0.9614177197870292,21.34861620100128
Gradient Boosting,"{'learning_rate': 0.2, 'max_depth': 3, 'n_estimators': 50, 'random_state': 4}",1,0.4782608695652174,0.7857142857142857,0.6945804397594031,0.9804440071336328,0.743156743098677,0.9748427672955976,1.0,0.9990557539159453,0.999949627966553,0.9990557539159453,7.492172992000633
Gradient Boosting,"{'learning_rate': 0.2, 'max_depth': 3, 'n_estimators': 50, 'random_state': 4}",2,0.5384615384615384,0.8076923076923077,0.7745525248367793,0.9741734387175776,0.7423634033012431,0.9505494505494504,1.0,0.9996117511890856,0.9999830053363244,0.999611743836812,9.541548609000529
Gradient Boosting,"{'learning_rate': 0.2, 'max_depth': 3, 'n_estimators': 50, 'random_state': 4}",3,0.3529411764705882,0.631578947368421,0.5456445920999398,0.9730392156862744,0.5151432434535792,0.9140271493212668,0.9901960784313726,0.9925313029115757,0.9995922609086386,0.9925312079465314,11.1148204480005
Gradient Boosting,"{'learning_rate': 0.2, 'max_depth': 3, 'n_estimators': 50, 'random_state': 4}",4,0.3947368421052631,0.6,0.5163940302729169,0.9582065713416488,0.4537325312146994,0.9019607843137256,0.9829059829059827,0.9871741187403535,0.999135009996843,0.9871721227097808,13.447697051999969
Gradient Boosting,"{'learning_rate': 0.2, 'max_depth': 3, 'n_estimators': 50, 'random_state': 4}",5,0.5483870967741935,0.7391304347826086,0.7414547819279321,0.9789561124186626,0.7479194486030288,0.8668941979522184,0.958490566037736,0.9734402702243616,0.998314160508436,0.9734366671318876,14.295113637000211
Gradient Boosting,"{'learning_rate': 0.2, 'max_depth': 3, 'n_estimators': 75, 'random_state': 4}",1,0.4782608695652174,0.7857142857142857,0.7445231923770469,0.9814894532931554,0.7835559103929294,0.9937106918238994,1.0,1.0,1.0,1.0,11.954543414999534
Gradient Boosting,"{'learning_rate': 0.2, 'max_depth': 3, 'n_estimators': 75, 'random_state': 4}",2,0.5384615384615384,0.7777777777777778,0.7691810543959915,0.97291179635608,0.736586363073267,1.0,1.0,1.0,1.0,1.0,14.108499104999282
Gradient Boosting,"{'learning_rate': 0.2, 'max_depth': 3, 'n_estimators': 75, 'random_state': 4}",3,0.4117647058823529,0.6086956521739131,0.5370747254772736,0.9724053414469236,0.5124753657736216,0.9638009049773756,1.0,0.9996790499620724,0.9999852067449846,0.9996790499620724,16.230252702999678
Gradient Boosting,"{'learning_rate': 0.2, 'max_depth': 3, 'n_estimators': 75, 'random_state': 4}",4,0.3421052631578947,0.5909090909090909,0.5321417970301512,0.951399452388196,0.4626130285552638,0.9686274509803922,1.0,0.9987096511241071,0.9999375635764144,0.9987096508700868,19.091725196999505
Gradient Boosting,"{'learning_rate': 0.2, 'max_depth': 3, 'n_estimators': 75, 'random_state': 4}",5,0.5806451612903226,0.75,0.7460768689881145,0.9790022612949374,0.7523438790030833,0.9112627986348124,0.9925650557620818,0.9914162430105378,0.9993431582515948,0.9914161996918072,20.90175414999976
Gradient Boosting,"{'learning_rate': 0.2, 'max_depth': 3, 'n_estimators': 100, 'random_state': 4}",1,0.4782608695652174,0.7857142857142857,0.7401766339625678,0.9809359817969374,0.7794137110939054,1.0,1.0,1.0,1.0,1.0,15.898987089000002
Gradient Boosting,"{'learning_rate': 0.2, 'max_depth': 3, 'n_estimators': 100, 'random_state': 4}",2,0.5384615384615384,0.75,0.7580097948627023,0.9728375820995212,0.7227584760139267,1.0,1.0,1.0,1.0,1.0,18.321095758999945
Gradient Boosting,"{'learning_rate': 0.2, 'max_depth': 3, 'n_estimators': 100, 'random_state': 4}",3,0.4117647058823529,0.6086956521739131,0.5263305843935848,0.9715179175118324,0.5002874409222933,0.995475113122172,1.0,1.0,1.0,1.0,21.919567228999767
Gradient Boosting,"{'learning_rate': 0.2, 'max_depth': 3, 'n_estimators': 100, 'random_state': 4}",4,0.3421052631578947,0.6190476190476191,0.527604894800853,0.9491937937328871,0.4680953860385752,0.9803921568627452,1.0,1.0,1.0,1.0,25.17164387100001
Gradient Boosting,"{'learning_rate': 0.2, 'max_depth': 3, 'n_estimators': 100, 'random_state': 4}",5,0.5483870967741935,0.7391304347826086,0.705652722094816,0.9796021966865108,0.6733506056536307,0.955631399317406,0.99644128113879,0.9991807382676376,0.999960882873544,0.9991807309975708,28.100624365999465
Gradient Boosting,"{'learning_rate': 0.2, 'max_depth': 3, 'n_estimators': 125, 'random_state': 4}",1,0.5652173913043478,0.8125,0.6868017603934847,0.9801365229690672,0.7337206509923373,1.0,1.0,1.0,1.0,1.0,16.683222217001457
Gradient Boosting,"{'learning_rate': 0.2, 'max_depth': 3, 'n_estimators': 125, 'random_state': 4}",2,0.5384615384615384,0.7777777777777778,0.7533576656205919,0.9714275112249062,0.7198493308685627,1.0,1.0,1.0,1.0,1.0,20.76381284099989
Gradient Boosting,"{'learning_rate': 0.2, 'max_depth': 3, 'n_estimators': 125, 'random_state': 4}",3,0.4705882352941176,0.6666666666666666,0.5229964908781414,0.9718137254901962,0.4909207233295673,1.0,1.0,1.0,1.0,1.0,23.305947831000594
Gradient Boosting,"{'learning_rate': 0.2, 'max_depth': 3, 'n_estimators': 125, 'random_state': 4}",4,0.3684210526315789,0.6363636363636364,0.5631092710089641,0.9564192272588988,0.5220736436179448,0.992156862745098,1.0,0.9999846513360244,0.9999992984671509,0.9999846513360248,27.8497633650004
Gradient Boosting,"{'learning_rate': 0.2, 'max_depth': 3, 'n_estimators': 125, 'random_state': 4}",5,0.4838709677419355,0.6818181818181818,0.6882414195891613,0.97475656467765,0.6909116275492986,0.9761092150170648,1.0,1.0,1.0,1.0,31.072974720000275
Gradient Boosting,"{'learning_rate': 0.2, 'max_depth': 4, 'n_estimators': 50, 'random_state': 4}",1,0.4347826086956521,0.8333333333333334,0.7067270948011927,0.9813664596273292,0.7511642358670083,1.0,1.0,1.0,1.0,1.0,9.634206737999191
Gradient Boosting,"{'learning_rate': 0.2, 'max_depth': 4, 'n_estimators': 50, 'random_state': 4}",2,0.4358974358974359,0.7727272727272727,0.7061727291520503,0.9740621173327396,0.6596885301522504,1.0,1.0,1.0,1.0,1.0,11.4139743300002
Gradient Boosting,"{'learning_rate': 0.2, 'max_depth': 4, 'n_estimators': 50, 'random_state': 4}",3,0.4117647058823529,0.5833333333333334,0.5629443169037499,0.974053414469236,0.5285307264361643,1.0,1.0,1.0,1.0,1.0,13.181944035000924
Gradient Boosting,"{'learning_rate': 0.2, 'max_depth': 4, 'n_estimators': 50, 'random_state': 4}",4,0.3684210526315789,0.7,0.6337846478040041,0.9612488591420748,0.5998240037948744,0.984313725490196,0.996031746031746,0.999847399274708,0.9999929846715072,0.9998473981191336,14.975125545999616
Gradient Boosting,"{'learning_rate': 0.2, 'max_depth': 4, 'n_estimators': 50, 'random_state': 4}",5,0.4838709677419355,0.7894736842105263,0.6636056947100883,0.9721722276062578,0.6698313990863771,0.969283276450512,0.9964912280701754,0.9984094974954216,0.9999092699983592,0.9984094959461954,16.532857786000022
Gradient Boosting,"{'learning_rate': 0.2, 'max_depth': 4, 'n_estimators': 75, 'random_state': 4}",1,0.4782608695652174,0.7857142857142857,0.7288608724289208,0.9817969374577208,0.7702379482057942,1.0,1.0,1.0,1.0,1.0,14.034442289999788
Gradient Boosting,"{'learning_rate': 0.2, 'max_depth': 4, 'n_estimators': 75, 'random_state': 4}",2,0.4102564102564102,0.7272727272727273,0.693401105110399,0.9726149393298452,0.6453470111610914,1.0,1.0,1.0,1.0,1.0,17.363882694000495
Gradient Boosting,"{'learning_rate': 0.2, 'max_depth': 4, 'n_estimators': 75, 'random_state': 4}",3,0.4411764705882353,0.6,0.5601442425881096,0.9736730899256254,0.5208685966667028,1.0,1.0,1.0,1.0,1.0,19.145826567000768
Gradient Boosting,"{'learning_rate': 0.2, 'max_depth': 4, 'n_estimators': 75, 'random_state': 4}",4,0.3684210526315789,0.7,0.6074601234490983,0.962579860054761,0.5686610597557105,1.0,1.0,1.0,1.0,1.0,22.78119732599953
Gradient Boosting,"{'learning_rate': 0.2, 'max_depth': 4, 'n_estimators': 75, 'random_state': 4}",5,0.4516129032258064,0.7777777777777778,0.6653119062371285,0.9738335871521528,0.6730943896959491,0.9931740614334472,1.0,0.9999653504664496,0.999998370119731,0.9999653504664496,25.375268104000497
Gradient Boosting,"{'learning_rate': 0.2, 'max_depth': 4, 'n_estimators': 100, 'random_state': 4}",1,0.4782608695652174,0.7857142857142857,0.7231524226822309,0.9776766496525428,0.7615775066914752,1.0,1.0,1.0,1.0,1.0,17.72126117299922
Gradient Boosting,"{'learning_rate': 0.2, 'max_depth': 4, 'n_estimators': 100, 'random_state': 4}",2,0.4358974358974359,0.7083333333333334,0.6996502586413114,0.973134439125756,0.6536223269297703,1.0,1.0,0.9999999999999998,1.0,1.0,22.5928678399996
Gradient Boosting,"{'learning_rate': 0.2, 'max_depth': 4, 'n_estimators': 100, 'random_state': 4}",3,0.4117647058823529,0.5833333333333334,0.5763278886916182,0.9742647058823528,0.5179466332802705,1.0,1.0,1.0,1.0,1.0,26.13486551999995
Gradient Boosting,"{'learning_rate': 0.2, 'max_depth': 4, 'n_estimators': 100, 'random_state': 4}",4,0.3421052631578947,0.6842105263157895,0.6056777154693747,0.96242774566474,0.560791730792261,1.0,1.0,1.0,1.0,1.0,29.6580192170004
Gradient Boosting,"{'learning_rate': 0.2, 'max_depth': 4, 'n_estimators': 100, 'random_state': 4}",5,0.4516129032258064,0.7368421052631579,0.6569795580858692,0.9712953989570354,0.6632594260534437,1.0,1.0,1.0,1.0,1.0,34.0562740259993
Gradient Boosting,"{'learning_rate': 0.2, 'max_depth': 4, 'n_estimators': 125, 'random_state': 4}",1,0.4782608695652174,0.7857142857142857,0.7351083822974991,0.9785376053133265,0.7723298322711063,1.0,1.0,1.0,1.0,1.0,22.85134654600006
Gradient Boosting,"{'learning_rate': 0.2, 'max_depth': 4, 'n_estimators': 125, 'random_state': 4}",2,0.4358974358974359,0.7727272727272727,0.6991497303019047,0.973134439125756,0.6529226238853985,1.0,1.0,1.0,1.0,1.0,26.933135702000072
Gradient Boosting,"{'learning_rate': 0.2, 'max_depth': 4, 'n_estimators': 125, 'random_state': 4}",3,0.4705882352941176,0.6153846153846154,0.5673068176016196,0.9740956727518594,0.5193520080767154,1.0,1.0,1.0,1.0,1.0,31.15708389599968
Gradient Boosting,"{'learning_rate': 0.2, 'max_depth': 4, 'n_estimators': 125, 'random_state': 4}",4,0.3421052631578947,0.6842105263157895,0.6146221686699108,0.9622376026772133,0.5748298257304836,1.0,1.0,1.0,1.0,1.0,36.32622499000172
Gradient Boosting,"{'learning_rate': 0.2, 'max_depth': 4, 'n_estimators': 125, 'random_state': 4}",5,0.4516129032258064,0.7368421052631579,0.6882222500129137,0.9729106096266557,0.6959749660037589,1.0,1.0,1.0,1.0,1.0,40.79207745199892
Gradient Boosting,"{'learning_rate': 0.2, 'max_depth': 5, 'n_estimators': 50, 'random_state': 4}",1,0.5652173913043478,0.7647058823529411,0.6100300163099727,0.9766927003259332,0.5243457258456408,1.0,1.0,1.0,1.0,1.0,12.882759197000269
Gradient Boosting,"{'learning_rate': 0.2, 'max_depth': 5, 'n_estimators': 50, 'random_state': 4}",2,0.4358974358974359,0.68,0.6716211279204535,0.9692010835281456,0.6241349869170494,1.0,1.0,1.0,1.0,1.0,15.481846800999849
Gradient Boosting,"{'learning_rate': 0.2, 'max_depth': 5, 'n_estimators': 50, 'random_state': 4}",3,0.3823529411764705,0.5416666666666666,0.4878107091150021,0.9698275862068966,0.4611868954206713,1.0,1.0,1.0,1.0,1.0,18.03064096999969
Gradient Boosting,"{'learning_rate': 0.2, 'max_depth': 5, 'n_estimators': 50, 'random_state': 4}",4,0.3421052631578947,0.65,0.5747768231585372,0.9527304533008822,0.5403028304626498,1.0,1.0,1.0,1.0,1.0,20.803356276999693
Gradient Boosting,"{'learning_rate': 0.2, 'max_depth': 5, 'n_estimators': 50, 'random_state': 4}",5,0.5161290322580645,0.64,0.6918772966163993,0.9746642669251004,0.6998013616463616,1.0,1.0,1.0,1.0,1.0,23.658545571000104
Gradient Boosting,"{'learning_rate': 0.2, 'max_depth': 5, 'n_estimators': 75, 'random_state': 4}",1,0.4782608695652174,0.7857142857142857,0.6861477463550569,0.9755857573334974,0.7302065710930058,1.0,1.0,1.0,1.0,1.0,18.87620614700063
Gradient Boosting,"{'learning_rate': 0.2, 'max_depth': 5, 'n_estimators': 75, 'random_state': 4}",2,0.4102564102564102,0.64,0.6678751123042871,0.9694979405543804,0.6201420884713734,1.0,1.0,1.0,1.0,1.0,23.213495997999416
Gradient Boosting,"{'learning_rate': 0.2, 'max_depth': 5, 'n_estimators': 75, 'random_state': 4}",3,0.3823529411764705,0.5416666666666666,0.4909534840849893,0.9706304935767412,0.4637344168078575,1.0,1.0,1.0,1.0,1.0,27.09032739899976
Gradient Boosting,"{'learning_rate': 0.2, 'max_depth': 5, 'n_estimators': 75, 'random_state': 4}",4,0.3421052631578947,0.65,0.5843455073217582,0.9513614237906906,0.5516122867284188,1.0,1.0,1.0,1.0,1.0,31.56957320299989
Gradient Boosting,"{'learning_rate': 0.2, 'max_depth': 5, 'n_estimators': 75, 'random_state': 4}",5,0.4838709677419355,0.6818181818181818,0.7171002583836638,0.9756333933268724,0.724381070482832,1.0,1.0,1.0,1.0,1.0,34.44067611399987
Gradient Boosting,"{'learning_rate': 0.2, 'max_depth': 5, 'n_estimators': 100, 'random_state': 4}",1,0.4347826086956521,0.8333333333333334,0.6898714850929333,0.9740483365106696,0.7322639337770553,1.0,1.0,1.0,1.0,1.0,25.712782212000093
Gradient Boosting,"{'learning_rate': 0.2, 'max_depth': 5, 'n_estimators': 100, 'random_state': 4}",2,0.4102564102564102,0.6666666666666666,0.665274658872305,0.9684218338342796,0.6153990207905483,1.0,1.0,1.0,1.0,1.0,31.34612901699984
Gradient Boosting,"{'learning_rate': 0.2, 'max_depth': 5, 'n_estimators': 100, 'random_state': 4}",3,0.4117647058823529,0.6086956521739131,0.5251605675571837,0.9711798512508452,0.5040815115070874,1.0,1.0,1.0,1.0,1.0,36.14987517200007
Gradient Boosting,"{'learning_rate': 0.2, 'max_depth': 5, 'n_estimators': 100, 'random_state': 4}",4,0.3157894736842105,0.6666666666666666,0.5727081093732249,0.9500684514755096,0.5363833865827339,1.0,1.0,1.0,1.0,1.0,41.53218809600003
Gradient Boosting,"{'learning_rate': 0.2, 'max_depth': 5, 'n_estimators': 100, 'random_state': 4}",5,0.4838709677419355,0.6818181818181818,0.754861879242861,0.9770640084913932,0.7612484833371007,1.0,1.0,1.0,1.0,1.0,46.14190881600007
Gradient Boosting,"{'learning_rate': 0.2, 'max_depth': 5, 'n_estimators': 125, 'random_state': 4}",1,0.4347826086956521,0.7692307692307693,0.6947516535938318,0.9624254350900928,0.7330192899723487,1.0,1.0,1.0,1.0,1.0,27.767768968999007
Gradient Boosting,"{'learning_rate': 0.2, 'max_depth': 5, 'n_estimators': 125, 'random_state': 4}",2,0.4358974358974359,0.7083333333333334,0.7055893817290924,0.971724368251141,0.6618672032720904,1.0,1.0,1.0,1.0,1.0,33.925267751999854
Gradient Boosting,"{'learning_rate': 0.2, 'max_depth': 5, 'n_estimators': 125, 'random_state': 4}",3,0.3823529411764705,0.6842105263157895,0.7003969117137314,0.9790398918187966,0.6868725039226133,1.0,1.0,1.0,1.0,1.0,39.2502623520013
Gradient Boosting,"{'learning_rate': 0.2, 'max_depth': 5, 'n_estimators': 125, 'random_state': 4}",4,0.3157894736842105,0.631578947368421,0.634678988057953,0.9579403711591118,0.6003004839929826,1.0,1.0,1.0,1.0,1.0,44.5742571460014
Gradient Boosting,"{'learning_rate': 0.2, 'max_depth': 5, 'n_estimators': 125, 'random_state': 4}",5,0.5161290322580645,0.6666666666666666,0.704463239411159,0.9742027781623516,0.7117804572128554,1.0,1.0,1.0,1.0,1.0,50.84951133600043
Gradient Boosting,"{'learning_rate': 0.3, 'max_depth': 2, 'n_estimators': 50, 'random_state': 4}",1,0.5652173913043478,0.8666666666666667,0.7151014219031014,0.9827808867843304,0.751655138722328,0.8113207547169812,0.9626865671641792,0.9680431910497562,0.9978052185426652,0.968039724762774,5.4453416260003
Gradient Boosting,"{'learning_rate': 0.3, 'max_depth': 2, 'n_estimators': 50, 'random_state': 4}",2,0.5384615384615384,0.8076923076923077,0.7443754819641192,0.97291179635608,0.706641797723603,0.8516483516483516,0.981012658227848,0.9794647184695032,0.9987789987789988,0.9794491937598276,6.554912983000577
Gradient Boosting,"{'learning_rate': 0.3, 'max_depth': 2, 'n_estimators': 50, 'random_state': 4}",3,0.3529411764705882,0.6666666666666666,0.5963851864766271,0.97447599729547,0.5719141058272146,0.8054298642533937,0.9518716577540108,0.9587181697855092,0.996981713687644,0.9586097496807412,7.748868577000394
Gradient Boosting,"{'learning_rate': 0.3, 'max_depth': 2, 'n_estimators': 50, 'random_state': 4}",4,0.3947368421052631,0.625,0.5978678450272322,0.9575600851840584,0.5610476405879763,0.7803921568627451,0.9342723004694836,0.9368981828044276,0.9958518362622332,0.9365616219778612,8.13359735999984
Gradient Boosting,"{'learning_rate': 0.3, 'max_depth': 2, 'n_estimators': 50, 'random_state': 4}",5,0.5161290322580645,0.8421052631578947,0.7232186458028933,0.9765563708523698,0.7255373073015801,0.7610921501706485,0.9330543933054394,0.9104924586700772,0.9930414978382356,0.910412139509555,9.832789439000408
Gradient Boosting,"{'learning_rate': 0.3, 'max_depth': 2, 'n_estimators': 75, 'random_state': 4}",1,0.5652173913043478,0.7647058823529411,0.7223564160067356,0.9819814279564602,0.7617794567155503,0.9559748427672956,1.0,0.9968025938364456,0.9998362908912972,0.9968025822180436,8.269487179000862
Gradient Boosting,"{'learning_rate': 0.3, 'max_depth': 2, 'n_estimators': 75, 'random_state': 4}",2,0.5384615384615384,0.84,0.7362435815954184,0.9742476529741364,0.6832960055208448,0.9395604395604396,1.0,0.9967036647938784,0.9997960640358928,0.9967036609292474,9.07293804300025
Gradient Boosting,"{'learning_rate': 0.3, 'max_depth': 2, 'n_estimators': 75, 'random_state': 4}",3,0.3529411764705882,0.6666666666666666,0.5891870675231647,0.9737998647734956,0.5637320100098179,0.8823529411764706,0.9848484848484848,0.9838064996698164,0.9983958564092702,0.9838016069152956,11.27707440099948
Gradient Boosting,"{'learning_rate': 0.3, 'max_depth': 2, 'n_estimators': 75, 'random_state': 4}",4,0.4210526315789473,0.6666666666666666,0.6086074141048025,0.9559628840888348,0.5726749558924809,0.8352941176470589,0.9726027397260274,0.972943282249988,0.9980230804307412,0.9729272676042972,12.77938589600126
Gradient Boosting,"{'learning_rate': 0.3, 'max_depth': 2, 'n_estimators': 75, 'random_state': 4}",5,0.6129032258064516,0.8260869565217391,0.7464645554083735,0.9765102219760948,0.7457986834263516,0.8225255972696246,0.9563492063492064,0.9525167698255868,0.996407743887134,0.9524815540065849,14.297014457999468
Gradient Boosting,"{'learning_rate': 0.3, 'max_depth': 2, 'n_estimators': 100, 'random_state': 4}",1,0.5217391304347826,0.8,0.6748160925134032,0.9813664596273292,0.6850109032227059,0.981132075471698,1.0,1.0,1.0,1.0,10.6551841219989
Gradient Boosting,"{'learning_rate': 0.3, 'max_depth': 2, 'n_estimators': 100, 'random_state': 4}",2,0.5128205128205128,0.7692307692307693,0.7082952046591636,0.9726149393298452,0.6563272433553085,0.9835164835164836,1.0,0.9995805693839984,0.999980390772682,0.9995805693839984,12.885251286999846
Gradient Boosting,"{'learning_rate': 0.3, 'max_depth': 2, 'n_estimators': 100, 'random_state': 4}",3,0.4411764705882353,0.7142857142857143,0.6091248057572813,0.9742647058823528,0.5813150547909559,0.9502262443438914,1.0,0.995527712064356,0.999646811036508,0.995527712064356,14.803305704001104
Gradient Boosting,"{'learning_rate': 0.3, 'max_depth': 2, 'n_estimators': 100, 'random_state': 4}",4,0.3684210526315789,0.7,0.631005355268875,0.9578643139641012,0.5963120709323463,0.9254901960784314,0.98744769874477,0.992054740414325,0.9991511452523764,0.9920544100422386,17.466556468998533
Gradient Boosting,"{'learning_rate': 0.3, 'max_depth': 2, 'n_estimators': 100, 'random_state': 4}",5,0.6451612903225806,0.7142857142857143,0.7373690648123457,0.9758641377082468,0.7403983049023077,0.8873720136518771,0.966542750929368,0.9792656010692704,0.9981278108643472,0.9792636135146628,19.01802525200037
Gradient Boosting,"{'learning_rate': 0.3, 'max_depth': 2, 'n_estimators': 125, 'random_state': 4}",1,0.5217391304347826,0.8571428571428571,0.6881012819190359,0.98118196912859,0.7344034234218236,1.0,1.0,1.0,1.0,1.0,11.585444859001656
Gradient Boosting,"{'learning_rate': 0.3, 'max_depth': 2, 'n_estimators': 125, 'random_state': 4}",2,0.5128205128205128,0.7407407407407407,0.6545185390195079,0.9653790493153735,0.5985926032698123,0.9945054945054944,1.0,1.0,1.0,1.0,13.69114454100054
Gradient Boosting,"{'learning_rate': 0.3, 'max_depth': 2, 'n_estimators': 125, 'random_state': 4}",3,0.4705882352941176,0.64,0.5467919108647766,0.972658891142664,0.5184780705726797,0.9728506787330315,1.0,0.9998782422473996,0.9999944525293692,0.9998782418224392,15.908319645999654
Gradient Boosting,"{'learning_rate': 0.3, 'max_depth': 2, 'n_estimators': 125, 'random_state': 4}",4,0.4473684210526316,0.68,0.5740210427769702,0.9526163675083664,0.5363578092638114,0.9490196078431372,0.9918032786885246,0.9982810440558132,0.9999235329194288,0.9982805585564128,18.963561270000355
Gradient Boosting,"{'learning_rate': 0.3, 'max_depth': 2, 'n_estimators': 125, 'random_state': 4}",5,0.5483870967741935,0.7727272727272727,0.7485008685875111,0.9779869860168904,0.7547872401587488,0.9044368600682594,0.9706959706959708,0.9875466497002262,0.9991361634574324,0.9875447880042196,20.33941197499917
Gradient Boosting,"{'learning_rate': 0.3, 'max_depth': 3, 'n_estimators': 50, 'random_state': 4}",1,0.4782608695652174,0.7333333333333333,0.5392560840586546,0.9790910768095444,0.5962849456750419,1.0,1.0,1.0,1.0,1.0,8.335131210000327
Gradient Boosting,"{'learning_rate': 0.3, 'max_depth': 3, 'n_estimators': 50, 'random_state': 4}",2,0.4871794871794871,0.7916666666666666,0.7510805281569993,0.9700174403502912,0.6932050711908138,0.9835164835164836,1.0,0.9996828057097564,0.9999856198999668,0.9996828057097564,9.105827026000044
Gradient Boosting,"{'learning_rate': 0.3, 'max_depth': 3, 'n_estimators': 50, 'random_state': 4}",3,0.3823529411764705,0.5909090909090909,0.4648643843879991,0.9651791751183232,0.4422285572500185,0.9773755656108596,1.0,0.9997615425947104,0.9999889050587384,0.9997615425947104,11.366820678000296
Gradient Boosting,"{'learning_rate': 0.3, 'max_depth': 3, 'n_estimators': 50, 'random_state': 4}",4,0.4210526315789473,0.6153846153846154,0.502375869762315,0.9214899604502584,0.4588762887996291,0.9607843137254902,1.0,0.9962115949393722,0.999783927882423,0.9962115949393722,12.803911659999358
Gradient Boosting,"{'learning_rate': 0.3, 'max_depth': 3, 'n_estimators': 50, 'random_state': 4}",5,0.5483870967741935,0.6296296296296297,0.5813456302478253,0.97143384558586,0.5656005051517708,0.924914675767918,0.9890510948905108,0.9868099271209748,0.9988036678825574,0.9868098933518242,14.294541699000549
Gradient Boosting,"{'learning_rate': 0.3, 'max_depth': 3, 'n_estimators': 75, 'random_state': 4}",1,0.4347826086956521,0.7142857142857143,0.5558871029223191,0.9775536559867168,0.6051089562520262,1.0,1.0,1.0,1.0,1.0,11.858362904000389
Gradient Boosting,"{'learning_rate': 0.3, 'max_depth': 3, 'n_estimators': 75, 'random_state': 4}",2,0.4871794871794871,0.7916666666666666,0.7447731024901373,0.9707595829158782,0.6887702725839875,1.0,1.0,1.0,1.0,1.0,14.067519659000029
Gradient Boosting,"{'learning_rate': 0.3, 'max_depth': 3, 'n_estimators': 75, 'random_state': 4}",3,0.3823529411764705,0.5909090909090909,0.4807705367162281,0.9662778904665316,0.456069880726696,1.0,1.0,1.0,1.0,1.0,17.10322513399842
Gradient Boosting,"{'learning_rate': 0.3, 'max_depth': 3, 'n_estimators': 75, 'random_state': 4}",4,0.4210526315789473,0.64,0.499555487231116,0.9452768481898388,0.4554133040222431,1.0,1.0,1.0,1.0,1.0,18.656754164998347
Gradient Boosting,"{'learning_rate': 0.3, 'max_depth': 3, 'n_estimators': 75, 'random_state': 4}",5,0.5483870967741935,0.5862068965517241,0.6014261642345076,0.9743412247911764,0.573384363383225,0.9761092150170648,0.9965156794425089,0.997335528565111,0.9995273347219912,0.9973355232924904,21.853569445000176
Gradient Boosting,"{'learning_rate': 0.3, 'max_depth': 3, 'n_estimators': 100, 'random_state': 4}",1,0.5217391304347826,0.7058823529411765,0.6047626362612685,0.977123178156325,0.6570724735212343,1.0,1.0,1.0,1.0,1.0,15.783362865000528
Gradient Boosting,"{'learning_rate': 0.3, 'max_depth': 3, 'n_estimators': 100, 'random_state': 4}",2,0.5384615384615384,0.8076923076923077,0.7397945717466359,0.969869011837174,0.6844713108766051,1.0,1.0,1.0,1.0,1.0,18.562857454999172
Gradient Boosting,"{'learning_rate': 0.3, 'max_depth': 3, 'n_estimators': 100, 'random_state': 4}",3,0.4117647058823529,0.6086956521739131,0.4971434940182372,0.96763015551048,0.4594908092237255,1.0,1.0,1.0,1.0,1.0,22.28411938300087
Gradient Boosting,"{'learning_rate': 0.3, 'max_depth': 3, 'n_estimators': 100, 'random_state': 4}",4,0.3947368421052631,0.6521739130434783,0.5023118165941234,0.9501825372680256,0.4578426911974903,0.996078431372549,1.0,1.0,1.0,1.0,25.22556709500168
Gradient Boosting,"{'learning_rate': 0.3, 'max_depth': 3, 'n_estimators': 100, 'random_state': 4}",5,0.5483870967741935,0.6296296296296297,0.6028847699387974,0.9752180534403988,0.5654372241199446,1.0,1.0,1.0,1.0,1.0,28.47627356399971
Gradient Boosting,"{'learning_rate': 0.3, 'max_depth': 3, 'n_estimators': 125, 'random_state': 4}",1,0.5217391304347826,0.8571428571428571,0.6467459815247228,0.975401266834758,0.6627061428724759,1.0,1.0,1.0,1.0,1.0,17.011744887000532
Gradient Boosting,"{'learning_rate': 0.3, 'max_depth': 3, 'n_estimators': 125, 'random_state': 4}",2,0.5384615384615384,0.7777777777777778,0.6319289219072115,0.9705740472744814,0.5620005608673676,1.0,1.0,0.9999999999999998,1.0,1.0,20.501527493999674
Gradient Boosting,"{'learning_rate': 0.3, 'max_depth': 3, 'n_estimators': 125, 'random_state': 4}",3,0.4117647058823529,0.6666666666666666,0.5215643910307367,0.9678837052062204,0.4950353283143381,1.0,1.0,1.0,1.0,1.0,24.11394525300057
Gradient Boosting,"{'learning_rate': 0.3, 'max_depth': 3, 'n_estimators': 125, 'random_state': 4}",4,0.3684210526315789,0.6086956521739131,0.5127275183838916,0.9495360511104352,0.4643649561411042,1.0,1.0,1.0,1.0,1.0,27.284532113999376
Gradient Boosting,"{'learning_rate': 0.3, 'max_depth': 3, 'n_estimators': 125, 'random_state': 4}",5,0.6129032258064516,0.6785714285714286,0.6651014217655656,0.9773409017490424,0.671090992103662,1.0,1.0,1.0,1.0,1.0,30.59855528099979
Gradient Boosting,"{'learning_rate': 0.3, 'max_depth': 4, 'n_estimators': 50, 'random_state': 4}",1,0.4347826086956521,0.5882352941176471,0.5167579766210276,0.9726339093536682,0.4715396121164456,1.0,1.0,1.0,1.0,1.0,9.595716245999938
Gradient Boosting,"{'learning_rate': 0.3, 'max_depth': 4, 'n_estimators': 50, 'random_state': 4}",2,0.4615384615384615,0.8181818181818182,0.7249390736434145,0.970425618761364,0.6892519357180404,1.0,1.0,1.0,1.0,1.0,10.728089208998426
Gradient Boosting,"{'learning_rate': 0.3, 'max_depth': 4, 'n_estimators': 50, 'random_state': 4}",3,0.3823529411764705,0.5909090909090909,0.5501313959510866,0.9745605138607168,0.5053277673676497,1.0,1.0,1.0,1.0,1.0,13.213096257999496
Gradient Boosting,"{'learning_rate': 0.3, 'max_depth': 4, 'n_estimators': 50, 'random_state': 4}",4,0.3684210526315789,0.6086956521739131,0.5148673600091762,0.9547459689686644,0.4311992427333795,1.0,1.0,1.0,1.0,1.0,15.691647458001173
Gradient Boosting,"{'learning_rate': 0.3, 'max_depth': 4, 'n_estimators': 50, 'random_state': 4}",5,0.4516129032258064,0.7368421052631579,0.6328751334274365,0.9686649130093684,0.6407857915459616,1.0,1.0,1.0,1.0,1.0,16.577208254000652
Gradient Boosting,"{'learning_rate': 0.3, 'max_depth': 4, 'n_estimators': 75, 'random_state': 4}",1,0.4782608695652174,0.7333333333333333,0.5269051586250633,0.9698665518725784,0.4788340816699261,1.0,1.0,1.0,1.0,1.0,13.770465706000325
Gradient Boosting,"{'learning_rate': 0.3, 'max_depth': 4, 'n_estimators': 75, 'random_state': 4}",2,0.4358974358974359,0.8947368421052632,0.7274992324903433,0.9709451185572748,0.6925630661430229,1.0,1.0,1.0,1.0,1.0,16.6908993929992
Gradient Boosting,"{'learning_rate': 0.3, 'max_depth': 4, 'n_estimators': 75, 'random_state': 4}",3,0.4411764705882353,0.625,0.5442522523382469,0.9737153482082488,0.499076095841737,1.0,1.0,1.0,1.0,1.0,20.16915008899923
Gradient Boosting,"{'learning_rate': 0.3, 'max_depth': 4, 'n_estimators': 75, 'random_state': 4}",4,0.3421052631578947,0.5909090909090909,0.5105796809181128,0.954936111956191,0.4260892413309504,1.0,1.0,1.0,1.0,1.0,22.857104753000385
Gradient Boosting,"{'learning_rate': 0.3, 'max_depth': 4, 'n_estimators': 75, 'random_state': 4}",5,0.4193548387096774,0.7647058823529411,0.675389451825968,0.9709723568231112,0.6821535554611635,1.0,1.0,1.0,1.0,1.0,25.20971924100013
Gradient Boosting,"{'learning_rate': 0.3, 'max_depth': 4, 'n_estimators': 100, 'random_state': 4}",1,0.4782608695652174,0.7857142857142857,0.5404115833188796,0.9680216468851854,0.4880978667182805,1.0,1.0,1.0,1.0,1.0,18.673483227999892
Gradient Boosting,"{'learning_rate': 0.3, 'max_depth': 4, 'n_estimators': 100, 'random_state': 4}",2,0.4358974358974359,0.85,0.738514254859228,0.971947011020817,0.7041084611985793,1.0,1.0,1.0,1.0,1.0,22.838313363999987
Gradient Boosting,"{'learning_rate': 0.3, 'max_depth': 4, 'n_estimators': 100, 'random_state': 4}",3,0.4411764705882353,0.625,0.5701274041028205,0.9775185936443544,0.5170767112815047,1.0,1.0,1.0,1.0,1.0,26.18091208899932
Gradient Boosting,"{'learning_rate': 0.3, 'max_depth': 4, 'n_estimators': 100, 'random_state': 4}",4,0.3421052631578947,0.5909090909090909,0.5151144750901615,0.9542515972010952,0.4307078384768934,1.0,1.0,1.0,1.0,1.0,30.60841389699999
Gradient Boosting,"{'learning_rate': 0.3, 'max_depth': 4, 'n_estimators': 100, 'random_state': 4}",5,0.3870967741935484,0.7058823529411765,0.6771102656309338,0.972079929853708,0.6836922134898621,1.0,1.0,1.0,1.0,1.0,33.203174004000175
Gradient Boosting,"{'learning_rate': 0.3, 'max_depth': 4, 'n_estimators': 125, 'random_state': 4}",1,0.5217391304347826,0.8571428571428571,0.5434838825700612,0.9634708812496156,0.4379716994708422,1.0,1.0,1.0,1.0,1.0,22.746652875999644
Gradient Boosting,"{'learning_rate': 0.3, 'max_depth': 4, 'n_estimators': 125, 'random_state': 4}",2,0.4358974358974359,0.8095238095238095,0.7385001990263306,0.9718356896359792,0.7040183000696112,1.0,1.0,1.0,1.0,1.0,27.018438752000293
Gradient Boosting,"{'learning_rate': 0.3, 'max_depth': 4, 'n_estimators': 125, 'random_state': 4}",3,0.4411764705882353,0.625,0.5725879744835622,0.9769269776876268,0.5440766378622194,1.0,1.0,1.0,1.0,1.0,32.07730288700077
Gradient Boosting,"{'learning_rate': 0.3, 'max_depth': 4, 'n_estimators': 125, 'random_state': 4}",4,0.3421052631578947,0.6190476190476191,0.5139341174762443,0.9556206267112868,0.4287465204148927,1.0,1.0,1.0,1.0,1.0,35.80797815799997
Gradient Boosting,"{'learning_rate': 0.3, 'max_depth': 4, 'n_estimators': 125, 'random_state': 4}",5,0.5161290322580645,0.8,0.6959636187865214,0.9713415478333104,0.7025488425394926,1.0,1.0,1.0,1.0,1.0,41.01461664099952
Gradient Boosting,"{'learning_rate': 0.3, 'max_depth': 5, 'n_estimators': 50, 'random_state': 4}",1,0.5652173913043478,0.6190476190476191,0.574577192440133,0.9657462640674006,0.4886111997751541,1.0,1.0,1.0,1.0,1.0,13.075527005001277
Gradient Boosting,"{'learning_rate': 0.3, 'max_depth': 5, 'n_estimators': 50, 'random_state': 4}",2,0.4102564102564102,0.64,0.657577565675739,0.9664180489071952,0.6010452615139003,1.0,1.0,1.0,1.0,1.0,15.707465320001576
Gradient Boosting,"{'learning_rate': 0.3, 'max_depth': 5, 'n_estimators': 50, 'random_state': 4}",3,0.3823529411764705,0.5909090909090909,0.5797386899201182,0.9717292089249492,0.5608108211947735,1.0,1.0,1.0,1.0,1.0,18.51006541999959
Gradient Boosting,"{'learning_rate': 0.3, 'max_depth': 5, 'n_estimators': 50, 'random_state': 4}",4,0.3421052631578947,0.5909090909090909,0.5109847628561913,0.9555825981137815,0.4442844254749476,1.0,1.0,1.0,1.0,1.0,20.751285413000005
Gradient Boosting,"{'learning_rate': 0.3, 'max_depth': 5, 'n_estimators': 50, 'random_state': 4}",5,0.5161290322580645,0.7272727272727273,0.7022332309928779,0.9745719691725504,0.7094997914705263,1.0,1.0,1.0,1.0,1.0,23.521617350999804
Gradient Boosting,"{'learning_rate': 0.3, 'max_depth': 5, 'n_estimators': 75, 'random_state': 4}",1,0.5217391304347826,0.6666666666666666,0.5726088791946974,0.9632863907508764,0.5241720262280982,1.0,1.0,1.0,1.0,1.0,19.985283609999897
Gradient Boosting,"{'learning_rate': 0.3, 'max_depth': 5, 'n_estimators': 75, 'random_state': 4}",2,0.4102564102564102,0.6666666666666666,0.6536613142729408,0.9666777988051504,0.5952714570885156,1.0,1.0,0.9999999999999998,1.0,1.0,23.218831521999164
Gradient Boosting,"{'learning_rate': 0.3, 'max_depth': 5, 'n_estimators': 75, 'random_state': 4}",3,0.3823529411764705,0.5909090909090909,0.5754770094472886,0.9712221095334684,0.5565948457995793,1.0,1.0,1.0,1.0,1.0,27.55122647600001
Gradient Boosting,"{'learning_rate': 0.3, 'max_depth': 5, 'n_estimators': 75, 'random_state': 4}",4,0.3421052631578947,0.65,0.5266609611990404,0.9574459993915424,0.4603329592472922,1.0,1.0,1.0,1.0,1.0,30.98812479099979
Gradient Boosting,"{'learning_rate': 0.3, 'max_depth': 5, 'n_estimators': 75, 'random_state': 4}",5,0.5161290322580645,0.7619047619047619,0.7179117242836438,0.9749411601827496,0.7248224844805065,1.0,1.0,1.0,1.0,1.0,35.62615503300003
Gradient Boosting,"{'learning_rate': 0.3, 'max_depth': 5, 'n_estimators': 100, 'random_state': 4}",1,0.4782608695652174,0.7333333333333333,0.5912509459157921,0.9643933337433122,0.5235825237761043,1.0,1.0,1.0,1.0,1.0,25.848556101000213
Gradient Boosting,"{'learning_rate': 0.3, 'max_depth': 5, 'n_estimators': 100, 'random_state': 4}",2,0.4102564102564102,0.7272727272727273,0.662563773462574,0.9681249768080448,0.6046166610405674,1.0,1.0,1.0,1.0,1.0,30.52094370200029
Gradient Boosting,"{'learning_rate': 0.3, 'max_depth': 5, 'n_estimators': 100, 'random_state': 4}",3,0.4117647058823529,0.6086956521739131,0.5928820871243206,0.970841784989858,0.5732365929303987,1.0,1.0,1.0,1.0,1.0,36.15922650799985
Gradient Boosting,"{'learning_rate': 0.3, 'max_depth': 5, 'n_estimators': 100, 'random_state': 4}",4,0.3157894736842105,0.7058823529411765,0.5349674825499077,0.9593094006693031,0.4596557256919693,1.0,1.0,1.0,1.0,1.0,41.36539606900078
Gradient Boosting,"{'learning_rate': 0.3, 'max_depth': 5, 'n_estimators': 100, 'random_state': 4}",5,0.5161290322580645,0.7619047619047619,0.7258916422536593,0.9744335225437262,0.7325360101692593,1.0,1.0,1.0,1.0,1.0,46.93962201799877
Gradient Boosting,"{'learning_rate': 0.3, 'max_depth': 5, 'n_estimators': 125, 'random_state': 4}",1,0.4782608695652174,0.8461538461538461,0.7170731945357008,0.9779841338171084,0.7564998173683942,1.0,1.0,1.0,1.0,1.0,28.565498021000167
Gradient Boosting,"{'learning_rate': 0.3, 'max_depth': 5, 'n_estimators': 125, 'random_state': 4}",2,0.4358974358974359,0.7083333333333334,0.7122797055629514,0.9631155144903336,0.6733083298951734,1.0,1.0,1.0,1.0,1.0,33.155142006999085
Gradient Boosting,"{'learning_rate': 0.3, 'max_depth': 5, 'n_estimators': 125, 'random_state': 4}",3,0.3529411764705882,0.5217391304347826,0.5289667124600189,0.9705882352941176,0.4810516048122237,1.0,1.0,1.0,1.0,1.0,39.35207377299957
Gradient Boosting,"{'learning_rate': 0.3, 'max_depth': 5, 'n_estimators': 125, 'random_state': 4}",4,0.3421052631578947,0.7647058823529411,0.6073691076844907,0.943755704289626,0.5748632831454326,1.0,1.0,1.0,1.0,1.0,45.55980759100021
Gradient Boosting,"{'learning_rate': 0.3, 'max_depth': 5, 'n_estimators': 125, 'random_state': 4}",5,0.4838709677419355,0.7142857142857143,0.7439139015408593,0.9766025197286446,0.7506281978067556,1.0,1.0,1.0,1.0,1.0,50.661535884999466
