params_C,params_degree,params_gamma,tr_pr_auc_mean,tr_pr_auc_std,te_pr_auc_mean,te_pr_auc_std,adj_pr_auc_mean,adj_pr_auc_std,tr_roc_auc_mean,tr_roc_auc_std,te_roc_auc_mean,te_roc_auc_std,tr_recall_mean,tr_recall_std,te_recall_mean,te_recall_std,tr_precision_mean,tr_precision_std,te_precision_mean,te_precision_std,time_mean,time_std
1.0,2,0.01,0.8731,0.014,0.6916,0.0494,0.6823,0.0743,0.9888,0.0035,0.9479,0.0121,0.5217,0.0147,0.3687,0.0834,0.9246,0.0203,0.8662,0.0879,0.4212,0.0975
0.1,2,auto,0.8238,0.0126,0.6869,0.0577,0.6765,0.0816,0.9844,0.0037,0.9442,0.0144,0.3984,0.0094,0.3093,0.0857,0.9413,0.0172,0.8968,0.0742,0.6693,0.353
0.05,2,auto,0.7849,0.0103,0.6769,0.0578,0.6683,0.0851,0.9797,0.0033,0.9488,0.0155,0.2689,0.0184,0.2384,0.0942,0.9387,0.0131,0.8967,0.1366,0.5293,0.0394
0.1,3,0.01,0.8414,0.0086,0.6714,0.0276,0.6592,0.0536,0.9888,0.002,0.9477,0.0263,0.3711,0.0113,0.2667,0.0969,0.9709,0.0305,0.8775,0.0924,0.5166,0.0685
0.05,3,0.01,0.8018,0.0074,0.6702,0.0402,0.6586,0.0666,0.9845,0.0025,0.949,0.0266,0.2595,0.0162,0.217,0.103,0.9709,0.0223,0.8957,0.1369,0.4329,0.0993
0.1,2,0.01,0.7548,0.0116,0.6666,0.0638,0.6576,0.0946,0.976,0.0034,0.9519,0.0185,0.1889,0.0355,0.182,0.1054,0.966,0.0326,0.9033,0.1734,0.4288,0.0995
1.0,2,auto,0.9283,0.0123,0.662,0.0568,0.6501,0.0832,0.9933,0.0027,0.943,0.019,0.7033,0.0208,0.4457,0.0691,0.9367,0.0231,0.7518,0.0746,0.4284,0.1063
0.05,2,0.1,0.9394,0.0109,0.6578,0.0624,0.6419,0.0906,0.9942,0.0023,0.945,0.0199,0.7568,0.0381,0.4871,0.1001,0.9439,0.0189,0.7035,0.0817,0.4791,0.0812
10.0,2,0.01,0.9586,0.0072,0.655,0.0609,0.6405,0.0875,0.996,0.0015,0.9472,0.0151,0.8512,0.0364,0.5383,0.0797,0.9547,0.0098,0.6609,0.0437,0.4691,0.1278
0.1,2,0.1,0.9586,0.0072,0.655,0.0609,0.6405,0.0875,0.996,0.0015,0.9472,0.0151,0.8512,0.0364,0.5383,0.0797,0.9547,0.0098,0.6609,0.0437,0.7617,0.3158
0.05,3,auto,0.8983,0.0092,0.6545,0.0472,0.6361,0.0789,0.9927,0.0017,0.9349,0.0191,0.521,0.0151,0.3421,0.0896,0.9675,0.0171,0.8352,0.0931,0.4362,0.0994
0.1,3,auto,0.933,0.011,0.6535,0.046,0.6204,0.0795,0.9952,0.0012,0.9358,0.0206,0.6015,0.0153,0.3927,0.0852,0.9745,0.0132,0.7929,0.1385,0.4392,0.1074
1.0,3,0.01,0.9494,0.0094,0.6499,0.0519,0.6101,0.0862,0.9965,0.0008,0.9358,0.0226,0.6529,0.0186,0.4108,0.048,0.9674,0.0166,0.7876,0.1343,0.7565,0.3749
0.05,2,0.01,0.7269,0.0074,0.6446,0.0818,0.6334,0.1145,0.9728,0.0028,0.9513,0.0222,0.0806,0.0195,0.072,0.0618,0.9544,0.0477,0.76,0.4336,0.7125,0.2861
10.0,3,0.01,0.9932,0.0009,0.6399,0.0628,0.6191,0.086,0.9998,0.0,0.9334,0.0271,0.9543,0.0061,0.5624,0.0767,0.9895,0.0018,0.6942,0.0846,0.7954,0.3658
25.0,2,0.01,0.9795,0.0048,0.6394,0.0631,0.6243,0.0867,0.9986,0.0007,0.9446,0.0114,0.9228,0.0169,0.567,0.0748,0.9707,0.0077,0.6098,0.0266,0.5093,0.153
1.0,3,auto,0.992,0.003,0.6391,0.0656,0.6155,0.0965,0.9997,0.0002,0.9309,0.0273,0.9118,0.0064,0.5446,0.0732,0.9848,0.0044,0.7027,0.1009,0.7385,0.1175
10.0,2,auto,0.9856,0.0044,0.6306,0.068,0.6154,0.0896,0.9991,0.0006,0.9448,0.0122,0.9446,0.0122,0.5782,0.0683,0.9759,0.0036,0.6006,0.0338,0.5298,0.1791
50.0,2,0.01,0.9904,0.0024,0.6303,0.0755,0.6149,0.0942,0.9995,0.0003,0.9458,0.0123,0.9678,0.0158,0.5658,0.0784,0.9821,0.0047,0.5913,0.0351,0.5575,0.1796
10.0,3,auto,1.0,0.0,0.6158,0.0764,0.5842,0.1089,1.0,0.0,0.9219,0.0197,1.0,0.0,0.5864,0.0811,1.0,0.0,0.6533,0.0571,0.7264,0.0925
0.1,3,1,1.0,0.0,0.6135,0.0788,0.582,0.1101,1.0,0.0,0.9208,0.0193,1.0,0.0,0.5695,0.0832,1.0,0.0,0.6504,0.0604,0.5145,0.1695
0.05,3,1,1.0,0.0,0.6135,0.0788,0.582,0.1101,1.0,0.0,0.9208,0.0193,1.0,0.0,0.5695,0.0832,1.0,0.0,0.6504,0.0604,0.5177,0.1654
10.0,3,1,1.0,0.0,0.6135,0.0788,0.582,0.1101,1.0,0.0,0.9208,0.0193,1.0,0.0,0.5695,0.0832,1.0,0.0,0.6504,0.0604,0.5188,0.164
100.0,3,1,1.0,0.0,0.6135,0.0788,0.582,0.1101,1.0,0.0,0.9208,0.0193,1.0,0.0,0.5695,0.0832,1.0,0.0,0.6504,0.0604,0.589,0.2953
50.0,3,1,1.0,0.0,0.6135,0.0788,0.582,0.1101,1.0,0.0,0.9208,0.0193,1.0,0.0,0.5695,0.0832,1.0,0.0,0.6504,0.0604,0.5334,0.1777
25.0,3,1,1.0,0.0,0.6135,0.0788,0.582,0.1101,1.0,0.0,0.9208,0.0193,1.0,0.0,0.5695,0.0832,1.0,0.0,0.6504,0.0604,0.5155,0.1622
1.0,3,1,1.0,0.0,0.6135,0.0788,0.582,0.1101,1.0,0.0,0.9208,0.0193,1.0,0.0,0.5695,0.0832,1.0,0.0,0.6504,0.0604,0.5208,0.1693
0.1,3,10,1.0,0.0,0.6135,0.0788,0.582,0.1101,1.0,0.0,0.9208,0.0193,1.0,0.0,0.5695,0.0832,1.0,0.0,0.6504,0.0604,0.5315,0.1801
0.1,3,100,1.0,0.0,0.6135,0.0788,0.582,0.1101,1.0,0.0,0.9208,0.0193,1.0,0.0,0.5695,0.0832,1.0,0.0,0.6504,0.0604,0.797,0.3525
1.0,3,0.1,1.0,0.0,0.6135,0.0788,0.582,0.1101,1.0,0.0,0.9208,0.0193,1.0,0.0,0.5695,0.0832,1.0,0.0,0.6504,0.0604,0.5246,0.1447
10.0,3,100,1.0,0.0,0.6135,0.0788,0.582,0.1101,1.0,0.0,0.9208,0.0193,1.0,0.0,0.5695,0.0832,1.0,0.0,0.6504,0.0604,0.6013,0.3458
10.0,3,10,1.0,0.0,0.6135,0.0788,0.582,0.1101,1.0,0.0,0.9208,0.0193,1.0,0.0,0.5695,0.0832,1.0,0.0,0.6504,0.0604,0.5186,0.1635
100.0,3,0.01,1.0,0.0,0.6135,0.0788,0.582,0.1101,1.0,0.0,0.9208,0.0193,1.0,0.0,0.5695,0.0832,1.0,0.0,0.6504,0.0604,0.5358,0.1685
25.0,3,0.1,1.0,0.0,0.6135,0.0788,0.582,0.1101,1.0,0.0,0.9208,0.0193,1.0,0.0,0.5695,0.0832,1.0,0.0,0.6504,0.0604,0.519,0.1585
25.0,3,100,1.0,0.0,0.6135,0.0788,0.582,0.1101,1.0,0.0,0.9208,0.0193,1.0,0.0,0.5695,0.0832,1.0,0.0,0.6504,0.0604,0.7929,0.4334
100.0,3,10,1.0,0.0,0.6135,0.0788,0.582,0.1101,1.0,0.0,0.9208,0.0193,1.0,0.0,0.5695,0.0832,1.0,0.0,0.6504,0.0604,0.7811,0.1216
100.0,3,0.1,1.0,0.0,0.6135,0.0788,0.582,0.1101,1.0,0.0,0.9208,0.0193,1.0,0.0,0.5695,0.0832,1.0,0.0,0.6504,0.0604,0.5236,0.1612
100.0,3,100,1.0,0.0,0.6135,0.0788,0.582,0.1101,1.0,0.0,0.9208,0.0193,1.0,0.0,0.5695,0.0832,1.0,0.0,0.6504,0.0604,0.5361,0.1954
10.0,3,0.1,1.0,0.0,0.6135,0.0788,0.582,0.1101,1.0,0.0,0.9208,0.0193,1.0,0.0,0.5695,0.0832,1.0,0.0,0.6504,0.0604,0.5228,0.1505
100.0,3,auto,1.0,0.0,0.6135,0.0788,0.582,0.1101,1.0,0.0,0.9208,0.0193,1.0,0.0,0.5695,0.0832,1.0,0.0,0.6504,0.0604,0.5198,0.1417
50.0,3,100,1.0,0.0,0.6135,0.0788,0.582,0.1101,1.0,0.0,0.9208,0.0193,1.0,0.0,0.5695,0.0832,1.0,0.0,0.6504,0.0604,0.655,0.0974
50.0,3,0.1,1.0,0.0,0.6135,0.0788,0.582,0.1101,1.0,0.0,0.9208,0.0193,1.0,0.0,0.5695,0.0832,1.0,0.0,0.6504,0.0604,0.5263,0.1587
50.0,3,10,1.0,0.0,0.6135,0.0788,0.582,0.1101,1.0,0.0,0.9208,0.0193,1.0,0.0,0.5695,0.0832,1.0,0.0,0.6504,0.0604,0.6873,0.4905
25.0,3,10,1.0,0.0,0.6135,0.0788,0.582,0.1101,1.0,0.0,0.9208,0.0193,1.0,0.0,0.5695,0.0832,1.0,0.0,0.6504,0.0604,0.517,0.1626
50.0,3,auto,1.0,0.0,0.6135,0.0788,0.582,0.1101,1.0,0.0,0.9208,0.0193,1.0,0.0,0.5695,0.0832,1.0,0.0,0.6504,0.0604,0.5131,0.1386
25.0,3,auto,1.0,0.0,0.6135,0.0788,0.582,0.1101,1.0,0.0,0.9208,0.0193,1.0,0.0,0.5695,0.0832,1.0,0.0,0.6504,0.0604,0.5261,0.1205
1.0,3,10,1.0,0.0,0.6135,0.0788,0.582,0.1101,1.0,0.0,0.9208,0.0193,1.0,0.0,0.5695,0.0832,1.0,0.0,0.6504,0.0604,0.5192,0.1627
1.0,3,100,1.0,0.0,0.6135,0.0788,0.582,0.1101,1.0,0.0,0.9208,0.0193,1.0,0.0,0.5695,0.0832,1.0,0.0,0.6504,0.0604,0.557,0.2452
0.1,3,0.1,1.0,0.0,0.6135,0.0788,0.582,0.1101,1.0,0.0,0.9208,0.0193,1.0,0.0,0.5695,0.0832,1.0,0.0,0.6504,0.0604,0.5197,0.1602
0.05,3,10,1.0,0.0,0.6135,0.0788,0.582,0.1101,1.0,0.0,0.9208,0.0193,1.0,0.0,0.5695,0.0832,1.0,0.0,0.6504,0.0604,0.7787,0.5208
0.05,3,100,1.0,0.0,0.6135,0.0788,0.582,0.1101,1.0,0.0,0.9208,0.0193,1.0,0.0,0.5695,0.0832,1.0,0.0,0.6504,0.0604,0.5663,0.101
25.0,3,0.01,0.9985,0.0019,0.6124,0.0709,0.5865,0.0987,1.0,0.0001,0.931,0.0273,0.9906,0.004,0.5608,0.0675,0.9953,0.0012,0.6529,0.0762,0.6898,0.0749
0.05,4,auto,0.9554,0.0031,0.6122,0.0744,0.5771,0.1216,0.9962,0.0007,0.9173,0.014,0.6656,0.0105,0.3898,0.0947,0.9836,0.0037,0.7541,0.1008,0.4597,0.1216
25.0,2,auto,0.9954,0.0029,0.611,0.0679,0.5972,0.0837,0.9998,0.0002,0.9411,0.0167,0.9883,0.0114,0.5704,0.079,0.9945,0.0017,0.5847,0.0685,0.7252,0.4941
0.05,3,0.1,1.0,0.0,0.6108,0.077,0.5838,0.1069,1.0,0.0,0.9236,0.0203,0.9985,0.002,0.587,0.0783,1.0,0.0,0.6574,0.074,0.5242,0.1706
50.0,3,0.01,1.0,0.0,0.6108,0.077,0.5838,0.1069,1.0,0.0,0.9236,0.0203,0.9985,0.002,0.587,0.0783,1.0,0.0,0.6574,0.074,0.5189,0.1624
100.0,2,0.01,0.9967,0.0032,0.6093,0.0686,0.5958,0.0858,0.9999,0.0002,0.94,0.0168,0.9892,0.0118,0.5768,0.0711,0.9945,0.0017,0.5897,0.0691,0.7373,0.5245
1.0,2,0.1,0.9967,0.0032,0.6093,0.0686,0.5958,0.0858,0.9999,0.0002,0.94,0.0168,0.9892,0.0118,0.5768,0.0711,0.9945,0.0017,0.5897,0.0691,0.622,0.2962
0.1,4,auto,0.9775,0.0027,0.6086,0.0932,0.5726,0.133,0.9984,0.0003,0.915,0.0219,0.7388,0.0129,0.4202,0.0768,0.9917,0.0017,0.7043,0.1244,0.469,0.1321
1.0,4,0.01,0.9708,0.0045,0.6072,0.0895,0.572,0.1311,0.9978,0.0006,0.9145,0.0188,0.7121,0.0107,0.3995,0.0875,0.9903,0.0037,0.6987,0.1265,0.4696,0.1325
0.1,4,0.01,0.8825,0.0076,0.5937,0.0655,0.5728,0.0971,0.9874,0.0029,0.9034,0.0061,0.4419,0.0264,0.2724,0.1132,0.9762,0.0085,0.8021,0.0741,0.4549,0.1165
50.0,2,auto,0.9994,0.0013,0.5923,0.0759,0.576,0.0996,1.0,0.0,0.9361,0.015,0.9986,0.0031,0.5792,0.0496,0.9976,0.0022,0.592,0.0577,0.903,0.4837
0.05,4,0.01,0.8497,0.0129,0.5887,0.0496,0.569,0.0835,0.9829,0.0036,0.9008,0.013,0.353,0.0166,0.2273,0.0851,0.9856,0.0199,0.8288,0.1106,0.4722,0.133
100.0,2,auto,1.0,0.0,0.5868,0.0775,0.5721,0.1007,1.0,0.0,0.9353,0.0143,1.0,0.0,0.5453,0.067,1.0,0.0,0.573,0.0548,0.7434,0.1481
10.0,2,100,1.0,0.0,0.5862,0.0783,0.5716,0.1011,1.0,0.0,0.9353,0.0143,1.0,0.0,0.5453,0.067,1.0,0.0,0.573,0.0548,0.6226,0.217
1.0,2,100,1.0,0.0,0.5862,0.0783,0.5716,0.1011,1.0,0.0,0.9353,0.0143,1.0,0.0,0.5453,0.067,1.0,0.0,0.573,0.0548,0.6007,0.2373
50.0,2,100,1.0,0.0,0.5862,0.0783,0.5716,0.1011,1.0,0.0,0.9353,0.0143,1.0,0.0,0.5453,0.067,1.0,0.0,0.573,0.0548,0.6137,0.2488
25.0,2,100,1.0,0.0,0.5862,0.0783,0.5716,0.1011,1.0,0.0,0.9353,0.0143,1.0,0.0,0.5453,0.067,1.0,0.0,0.573,0.0548,0.6037,0.2428
0.05,2,100,1.0,0.0,0.5862,0.0783,0.5716,0.1011,1.0,0.0,0.9353,0.0143,1.0,0.0,0.5453,0.067,1.0,0.0,0.573,0.0548,0.8169,0.6277
0.1,2,100,1.0,0.0,0.5862,0.0783,0.5716,0.1011,1.0,0.0,0.9353,0.0143,1.0,0.0,0.5453,0.067,1.0,0.0,0.573,0.0548,0.6084,0.2276
100.0,2,100,1.0,0.0,0.5862,0.0783,0.5716,0.1011,1.0,0.0,0.9353,0.0143,1.0,0.0,0.5453,0.067,1.0,0.0,0.573,0.0548,0.8241,0.6146
50.0,2,1,1.0,0.0,0.5862,0.0783,0.5716,0.1011,1.0,0.0,0.9353,0.0143,1.0,0.0,0.5453,0.067,1.0,0.0,0.573,0.0548,0.5934,0.236
50.0,2,10,1.0,0.0,0.5862,0.0783,0.5716,0.1011,1.0,0.0,0.9353,0.0143,1.0,0.0,0.5453,0.067,1.0,0.0,0.573,0.0548,0.6014,0.2256
25.0,2,1,1.0,0.0,0.5862,0.0783,0.5716,0.1011,1.0,0.0,0.9353,0.0143,1.0,0.0,0.5453,0.067,1.0,0.0,0.573,0.0548,0.8073,0.1714
100.0,2,10,1.0,0.0,0.5862,0.0783,0.5716,0.1011,1.0,0.0,0.9353,0.0143,1.0,0.0,0.5453,0.067,1.0,0.0,0.573,0.0548,0.6134,0.2318
10.0,2,10,1.0,0.0,0.5862,0.0783,0.5716,0.1011,1.0,0.0,0.9353,0.0143,1.0,0.0,0.5453,0.067,1.0,0.0,0.573,0.0548,0.6071,0.2221
25.0,2,10,1.0,0.0,0.5862,0.0783,0.5716,0.1011,1.0,0.0,0.9353,0.0143,1.0,0.0,0.5453,0.067,1.0,0.0,0.573,0.0548,0.6028,0.2307
1.0,2,1,1.0,0.0,0.5862,0.0783,0.5716,0.1011,1.0,0.0,0.9353,0.0143,1.0,0.0,0.5453,0.067,1.0,0.0,0.573,0.0548,0.8421,0.1793
0.05,2,1,1.0,0.0,0.5862,0.0783,0.5716,0.1011,1.0,0.0,0.9353,0.0143,1.0,0.0,0.5453,0.067,1.0,0.0,0.573,0.0548,0.5941,0.2397
0.05,2,10,1.0,0.0,0.5862,0.0783,0.5716,0.1011,1.0,0.0,0.9353,0.0143,1.0,0.0,0.5453,0.067,1.0,0.0,0.573,0.0548,0.6061,0.2389
0.1,2,1,1.0,0.0,0.5862,0.0783,0.5716,0.1011,1.0,0.0,0.9353,0.0143,1.0,0.0,0.5453,0.067,1.0,0.0,0.573,0.0548,0.5939,0.2372
0.1,2,10,1.0,0.0,0.5862,0.0783,0.5716,0.1011,1.0,0.0,0.9353,0.0143,1.0,0.0,0.5453,0.067,1.0,0.0,0.573,0.0548,0.6039,0.2371
10.0,2,1,1.0,0.0,0.5862,0.0783,0.5716,0.1011,1.0,0.0,0.9353,0.0143,1.0,0.0,0.5453,0.067,1.0,0.0,0.573,0.0548,0.8867,0.3284
100.0,2,1,1.0,0.0,0.5862,0.0783,0.5716,0.1011,1.0,0.0,0.9353,0.0143,1.0,0.0,0.5453,0.067,1.0,0.0,0.573,0.0548,0.6037,0.2415
1.0,2,10,1.0,0.0,0.5862,0.0783,0.5716,0.1011,1.0,0.0,0.9353,0.0143,1.0,0.0,0.5453,0.067,1.0,0.0,0.573,0.0548,0.5998,0.2328
100.0,2,0.1,1.0,0.0,0.5862,0.0783,0.5716,0.1011,1.0,0.0,0.9353,0.0142,1.0,0.0,0.5453,0.067,1.0,0.0,0.573,0.0548,0.767,0.1064
25.0,2,0.1,1.0,0.0,0.5862,0.0783,0.5716,0.1011,1.0,0.0,0.9353,0.0142,1.0,0.0,0.5453,0.067,1.0,0.0,0.573,0.0548,0.7083,0.418
10.0,2,0.1,1.0,0.0,0.5862,0.0783,0.5716,0.1011,1.0,0.0,0.9353,0.0142,1.0,0.0,0.5453,0.067,1.0,0.0,0.573,0.0548,0.5907,0.2221
50.0,2,0.1,1.0,0.0,0.5862,0.0783,0.5716,0.1011,1.0,0.0,0.9353,0.0142,1.0,0.0,0.5453,0.067,1.0,0.0,0.573,0.0548,0.9118,0.5701
10.0,4,0.01,0.9985,0.0017,0.574,0.107,0.5408,0.1321,0.9999,0.0,0.8893,0.0259,0.9652,0.0069,0.5122,0.1091,0.9951,0.0012,0.6863,0.1275,0.5137,0.1581
1.0,4,auto,0.9997,0.0001,0.5732,0.1033,0.5436,0.1291,1.0,0.0,0.8867,0.0241,0.9775,0.0044,0.5211,0.1254,0.9952,0.0012,0.6912,0.135,0.5231,0.1559
25.0,4,0.01,1.0,0.0,0.5645,0.0984,0.5375,0.1259,1.0,0.0,0.8773,0.0208,0.9946,0.0012,0.5187,0.1104,1.0,0.0,0.6884,0.1373,0.5214,0.1646
50.0,4,0.01,1.0,0.0,0.556,0.0986,0.5323,0.1222,1.0,0.0,0.8726,0.0227,1.0,0.0,0.5175,0.1042,1.0,0.0,0.6643,0.121,0.5276,0.1577
1.0,4,1,1.0,0.0,0.5522,0.1012,0.5285,0.1245,1.0,0.0,0.8713,0.0216,1.0,0.0,0.5175,0.1042,1.0,0.0,0.6677,0.1158,0.5008,0.1389
50.0,4,0.1,1.0,0.0,0.5522,0.1012,0.5285,0.1245,1.0,0.0,0.8713,0.0216,1.0,0.0,0.5175,0.1042,1.0,0.0,0.6677,0.1158,0.5283,0.1499
50.0,4,1,1.0,0.0,0.5522,0.1012,0.5285,0.1245,1.0,0.0,0.8713,0.0216,1.0,0.0,0.5175,0.1042,1.0,0.0,0.6677,0.1158,0.838,0.382
25.0,4,0.1,1.0,0.0,0.5522,0.1012,0.5285,0.1245,1.0,0.0,0.8713,0.0216,1.0,0.0,0.5175,0.1042,1.0,0.0,0.6677,0.1158,0.4989,0.1297
50.0,4,auto,1.0,0.0,0.5522,0.1012,0.5285,0.1245,1.0,0.0,0.8713,0.0216,1.0,0.0,0.5175,0.1042,1.0,0.0,0.6677,0.1158,0.5183,0.1534
100.0,4,auto,1.0,0.0,0.5522,0.1012,0.5285,0.1245,1.0,0.0,0.8713,0.0216,1.0,0.0,0.5175,0.1042,1.0,0.0,0.6677,0.1158,0.5706,0.2466
100.0,4,0.01,1.0,0.0,0.5522,0.1012,0.5285,0.1245,1.0,0.0,0.8713,0.0216,1.0,0.0,0.5175,0.1042,1.0,0.0,0.6677,0.1158,0.5306,0.1482
0.1,4,0.1,1.0,0.0,0.5522,0.1012,0.5285,0.1245,1.0,0.0,0.8713,0.0216,1.0,0.0,0.5175,0.1042,1.0,0.0,0.6677,0.1158,0.5032,0.1373
0.1,4,1,1.0,0.0,0.5522,0.1012,0.5285,0.1245,1.0,0.0,0.8713,0.0216,1.0,0.0,0.5175,0.1042,1.0,0.0,0.6677,0.1158,0.5085,0.1523
0.05,4,0.1,1.0,0.0,0.5522,0.1012,0.5285,0.1245,1.0,0.0,0.8713,0.0216,1.0,0.0,0.5175,0.1042,1.0,0.0,0.6677,0.1158,0.5078,0.1326
0.05,4,1,1.0,0.0,0.5522,0.1012,0.5285,0.1245,1.0,0.0,0.8713,0.0216,1.0,0.0,0.5175,0.1042,1.0,0.0,0.6677,0.1158,0.8021,0.4306
1.0,4,0.1,1.0,0.0,0.5522,0.1012,0.5285,0.1245,1.0,0.0,0.8713,0.0216,1.0,0.0,0.5175,0.1042,1.0,0.0,0.6677,0.1158,0.5051,0.134
10.0,4,auto,1.0,0.0,0.5522,0.1012,0.5285,0.1245,1.0,0.0,0.8713,0.0216,1.0,0.0,0.5175,0.1042,1.0,0.0,0.6677,0.1158,0.5084,0.1425
10.0,4,1,1.0,0.0,0.5522,0.1012,0.5285,0.1245,1.0,0.0,0.8713,0.0216,1.0,0.0,0.5175,0.1042,1.0,0.0,0.6677,0.1158,0.5064,0.1413
10.0,4,0.1,1.0,0.0,0.5522,0.1012,0.5285,0.1245,1.0,0.0,0.8713,0.0216,1.0,0.0,0.5175,0.1042,1.0,0.0,0.6677,0.1158,0.5007,0.136
100.0,4,0.1,1.0,0.0,0.5522,0.1012,0.5285,0.1245,1.0,0.0,0.8713,0.0216,1.0,0.0,0.5175,0.1042,1.0,0.0,0.6677,0.1158,0.7997,0.4217
100.0,4,1,1.0,0.0,0.5522,0.1012,0.5285,0.1245,1.0,0.0,0.8713,0.0216,1.0,0.0,0.5175,0.1042,1.0,0.0,0.6677,0.1158,0.5496,0.1216
25.0,4,auto,1.0,0.0,0.5522,0.1012,0.5285,0.1245,1.0,0.0,0.8713,0.0216,1.0,0.0,0.5175,0.1042,1.0,0.0,0.6677,0.1158,0.5063,0.1417
25.0,4,1,1.0,0.0,0.5522,0.1012,0.5285,0.1245,1.0,0.0,0.8713,0.0216,1.0,0.0,0.5175,0.1042,1.0,0.0,0.6677,0.1158,0.5104,0.1508
1.0,4,10,1.0,0.0,0.5522,0.1012,0.5285,0.1245,1.0,0.0,0.8713,0.0216,1.0,0.0,0.5175,0.1042,1.0,0.0,0.6677,0.1158,0.6989,0.4498
1.0,4,100,1.0,0.0,0.5522,0.1012,0.5285,0.1245,1.0,0.0,0.8713,0.0216,1.0,0.0,0.5175,0.1042,1.0,0.0,0.6677,0.1158,0.6422,0.108
0.05,4,10,1.0,0.0,0.5522,0.1012,0.5285,0.1245,1.0,0.0,0.8713,0.0216,1.0,0.0,0.5175,0.1042,1.0,0.0,0.6677,0.1158,0.5336,0.1452
0.05,4,100,1.0,0.0,0.5522,0.1012,0.5285,0.1245,1.0,0.0,0.8713,0.0216,1.0,0.0,0.5175,0.1042,1.0,0.0,0.6677,0.1158,0.5146,0.1484
0.1,4,10,1.0,0.0,0.5522,0.1012,0.5285,0.1245,1.0,0.0,0.8713,0.0216,1.0,0.0,0.5175,0.1042,1.0,0.0,0.6677,0.1158,0.8209,0.3162
0.1,4,100,1.0,0.0,0.5522,0.1012,0.5285,0.1245,1.0,0.0,0.8713,0.0216,1.0,0.0,0.5175,0.1042,1.0,0.0,0.6677,0.1158,0.5204,0.1512
100.0,4,10,1.0,0.0,0.5522,0.1012,0.5285,0.1245,1.0,0.0,0.8713,0.0216,1.0,0.0,0.5175,0.1042,1.0,0.0,0.6677,0.1158,0.5363,0.1582
100.0,4,100,1.0,0.0,0.5522,0.1012,0.5285,0.1245,1.0,0.0,0.8713,0.0216,1.0,0.0,0.5175,0.1042,1.0,0.0,0.6677,0.1158,0.5295,0.1512
10.0,4,10,1.0,0.0,0.5522,0.1012,0.5285,0.1245,1.0,0.0,0.8713,0.0216,1.0,0.0,0.5175,0.1042,1.0,0.0,0.6677,0.1158,0.8017,0.4727
10.0,4,100,1.0,0.0,0.5522,0.1012,0.5285,0.1245,1.0,0.0,0.8713,0.0216,1.0,0.0,0.5175,0.1042,1.0,0.0,0.6677,0.1158,0.5467,0.1241
25.0,4,10,1.0,0.0,0.5522,0.1012,0.5285,0.1245,1.0,0.0,0.8713,0.0216,1.0,0.0,0.5175,0.1042,1.0,0.0,0.6677,0.1158,0.8221,0.184
25.0,4,100,1.0,0.0,0.5522,0.1012,0.5285,0.1245,1.0,0.0,0.8713,0.0216,1.0,0.0,0.5175,0.1042,1.0,0.0,0.6677,0.1158,0.5404,0.1524
50.0,4,10,1.0,0.0,0.5522,0.1012,0.5285,0.1245,1.0,0.0,0.8713,0.0216,1.0,0.0,0.5175,0.1042,1.0,0.0,0.6677,0.1158,0.5292,0.1526
50.0,4,100,1.0,0.0,0.5522,0.1012,0.5285,0.1245,1.0,0.0,0.8713,0.0216,1.0,0.0,0.5175,0.1042,1.0,0.0,0.6677,0.1158,0.5221,0.1461
